"player_name","player_id","pos","season","team","analyst_.1","analyst_3","analyst_4","analyst_5","analyst_7","analyst_9","proj_count","avg_proj"
"Jerome Felton",230,"RB",2018,"BUF",0,0,0,0,0,0,0,0
"Matt Forte",234,"RB",2018,"FA",0,0,0,0,0,0,0,0
"Chad Henne",252,"QB",2018,"KC",0.04,11.55,1.26,4.5868,2.74,4.656,6,4.1388
"Matt Ryan",310,"QB",2018,"ATL",285.76,323.28,323.339,317.2086,304.575,308.454,6,310.4361
"Joe Flacco",382,"QB",2018,"BAL",227.3,176.76,235.337,243.6852,250.825,237.984,6,228.648533333333
"Justin Forsett",927,"RB",2018,"DEN",0,0,0,0,0,0,0,0
"Jonathan Stewart",949,"RB",2018,"NYG",0,49.72,51.73,56.284,41.59,41.57,5,48.1788
"Jordy Nelson",1032,"WR",2018,"OAK",103.4,103,115.155,74.936,90.795,103.34,6,98.4376666666667
"Gary Barnidge",1060,"TE",2018,"FA",0,0,0,0,0,0,0,0
"Martellus Bennett",1062,"TE",2018,"FA",0,0,0,0,0,0,0,0
"DeSean Jackson",1581,"WR",2018,"TB",86.2,109.18,93.16,103.972,96.19,93.02,6,96.9536666666667
"Eddie Royal",1990,"WR",2018,"CHI",0,0,0,0,0,0,0,0
"Pierre Garcon",2346,"WR",2018,"SF",115.4,123.9,117.275,111.944,102.645,110.8,6,113.660666666667
"Danny Amendola",2649,"WR",2018,"MIA",57.3,68.8,82.01,129.606,92.88,75.07,6,84.2776666666667
"Danny Woodhead",4327,"RB",2018,"FA",0,0,0,0,0,0,0,0
"Matthew Slater",4487,"WR",2018,"NE",0,0,0,1.231,0,0,1,1.231
"Kenny Britt",71217,"WR",2018,"NE",52.3,80.2133333333333,23.1533333333333,44.97,23.6133333333333,30.39,6,42.44
"Chase Coffman",71255,"TE",2018,"IND",0,0,0,0,0,0,0,0
"Jared Cook",71265,"TE",2018,"OAK",80.6,75.2533333333333,75.5233333333333,85.688,70.9533333333333,75.58,6,77.2663333333333
"Michael Crabtree",71269,"WR",2018,"BAL",121.9,102.3,117.28,117.653,122.97,120.58,6,117.113833333333
"Graham Gano",71309,"K",2018,"CAR",0,0,0,0,0,0,0,0
"Rashad Jennings",71345,"RB",2018,"NYG",0,0,0,0,0,0,0,0
"Jordan Norwood",71417,"WR",2018,"DEN",0,0,0,0,0,0,0,0
"Josh Freeman",79557,"QB",2018,"IND",0,0,0,0,0,0,0,0
"LeSean McCoy",79607,"RB",2018,"BUF",162.7,180,195.89,198.007,131.03,162.58,6,171.701166666667
"Matthew Stafford",79860,"QB",2018,"DET",300.44,318.66,328.524,329.278,316.47,321.22,6,319.098666666667
"Percy Harvin",80425,"WR",2018,"FA",0,0,0,0,0,0,0,0
"Darrius HeywardBey",80427,"WR",2018,"PIT",7.6,0,6.46,0,11.7,12.65,4,9.6025
"Chase Daniel",81284,"QB",2018,"CHI",-0.02,3.904,1.148,5.5672,26.8,10.416,5,9.56304
"Brian Hoyer",81294,"QB",2018,"NE",0.7,12.97,1.552,9.7598,0.34,4.752,6,5.0123
"Mike Thomas",81308,"WR",2018,"LAR",10.4,0,2.08,8.9,0,8.96,4,7.585
"Brandon Myers",89766,"TE",2018,"TB",0,0,0,0,0,0,0,0
"Antone Smith",89798,"RB",2018,"TB",0,0,0,0,0,0,0,0
"Ryan Succop",89802,"K",2018,"TEN",0,0,0,0,0,0,0,0
"Zach Miller",238457,"TE",2018,"CHI",0,0,0,0,0,0,0,0
"Julian Edelman",238498,"WR",2018,"NE",107.1,96,96.235,124.424,95.045,96.19,6,102.499
"Sam Bradford",497095,"QB",2018,"ARI",99.34,116.99,123.031,197.834,177.165,159.434,6,145.632333333333
"Colt McCoy",497123,"QB",2018,"WAS",0.08,1.744,1.236,0.2184,12.84,8.572,6,4.11506666666667
"Joique Bell",497145,"RB",2018,"DET",0,0,0,0,0,0,0,0
"LeGarrette Blount",497149,"RB",2018,"DET",73.9,93,74.71,66.553,57.81,71.34,6,72.8855
"Dexter McCluster",497190,"RB",2018,"LAC",0,0,0,0,0,0,0,0
"James Starks",497206,"RB",2018,"GB",0,0,0,0,0,0,0,0
"Ed Dickson",497224,"TE",2018,"SEA",59.8,62.1666666666667,41.6866666666667,37.806,33.0666666666667,44.52,6,46.5076666666667
"Jimmy Graham",497236,"TE",2018,"GB",104.6,139.08,110.43,89.938,92.38,107.22,6,107.274666666667
"Jermaine Gresham",497238,"TE",2018,"ARI",40.8,34.0466666666667,32.0766666666667,45.918,24.0466666666667,31.76,6,34.7746666666667
"Rob Gronkowski",497240,"TE",2018,"NE",151,152.973333333333,163.293333333333,149.823,167.373333333333,165.67,6,158.3555
"Michael Hoomanawanui",497246,"TE",2018,"NO",9.3,0,6.34,7.322,0,6.61,4,7.393
"Dennis Pitta",497254,"TE",2018,"BAL",0,0,0,0,0,0,0,0
"Andrew Quarless",497258,"TE",2018,"DET",0,0,0,0,0,0,0,0
"Brandon LaFell",497302,"WR",2018,"CIN",0,0,0,0,0,0,0,0
"Andre Roberts",497320,"WR",2018,"NYJ",2.5,0,-0.623333333333333,0.246,0,2.5,3,1.54088888888889
"Emmanuel Sanders",497322,"WR",2018,"DEN",105.1,118.2,119.83,94.039,113.5,112.06,6,110.454833333333
"Golden Tate",497326,"WR",2018,"DET",132,133.42,125.795,124.089,134.425,129.9,6,129.938166666667
"Demaryius Thomas",497328,"WR",2018,"DEN",134.8,139,137.005,127.653,134.655,134.65,6,134.627166666667
"Joe Webb",1037347,"QB",2018,"HOU",0,0,0,4.8,0,0,1,4.8
"Marc Mariani",1037885,"WR",2018,"TEN",0,0,0,0,0,0,0,0
"Charles Clay",2495139,"TE",2018,"BUF",64.2,72.8666666666667,78.1466666666667,71.347,72.0666666666667,73.49,6,72.0195
"Andy Dalton",2495143,"QB",2018,"CIN",239.4,304.8,299.103,270.7954,282.395,276.652,6,278.857566666667
"Kai Forbath",2495150,"K",2018,"MIN",0,0,0,0,0,0,0,0
"Dwayne Harris",2495159,"WR",2018,"OAK",2,0,-0.786666666666667,4.587,0,6.36,3,4.05344444444444
"Colin Kaepernick",2495186,"QB",2018,"FA",0,0,0,0,0,0,0,0
"Lance Kendricks",2495187,"TE",2018,"GB",13,27.0066666666667,5.78666666666667,12.333,20.4066666666667,19.17,6,16.2838333333333
"Jeremy Kerley",2495189,"WR",2018,"BUF",24.1,20.84,39.32,39.123,32.74,28.5,6,30.7705
"Greg Little",2495192,"WR",2018,"ARI",0,0,0,0,0,0,0,0
"Niles Paul",2495211,"TE",2018,"JAX",3.3,20.84,10.64,23.667,0,12.18,5,14.1254
"Greg Salas",2495223,"WR",2018,"BUF",0,0,0,0,0,0,0,0
"Luke Stocker",2495234,"TE",2018,"TEN",7.2,0,2.06,5.031,0,6.85,4,5.28525
"Tyrod Taylor",2495240,"QB",2018,"CLE",199.28,180.36,277.328,191.348,220.17,246.782,6,219.211333333333
"Dan Bailey",2495259,"K",2018,"DAL",0,0,0,0,0,0,0,0
"Jordan Cameron",2495267,"TE",2018,"FA",0,0,0,0,0,0,0,0
"Virgil Green",2495288,"TE",2018,"LAC",60,35.78,50.91,26.669,28.08,48.78,6,41.7031666666667
"Bilal Powell",2495328,"RB",2018,"NYJ",96.8,141.4,83.055,99.929,93.825,89.49,6,100.749833333333
"Aldrick Robinson",2495331,"WR",2018,"SF",36,18.3066666666667,-0.593333333333333,16.331,24.9066666666667,29.26,5,24.8422
"Anthony Sherman",2495340,"RB",2018,"KC",8.37,0,6.63,9.863,7.47,6.86,5,7.8386
"Cecil Shorts",2495341,"WR",2018,"TB",0,0,0,0,0,0,0,0
"Lee Smith",2495347,"TE",2018,"OAK",4,0,16.5,11.692,5.32,6.77,5,8.8564
"Kyle Rudolph",2495438,"TE",2018,"MIN",97.4,103.953333333333,103.243333333333,84.087,90.3533333333333,97.85,6,96.1478333333333
"Blaine Gabbert",2495441,"QB",2018,"TEN",0,7.71,1.076,5.2368,29.4,14.816,5,11.64776
"Randall Cobb",2495448,"WR",2018,"GB",102.8,103.07,117.16,102.414,113.21,112.26,6,108.485666666667
"AJ Green",2495450,"WR",2018,"CIN",154,167.9,175.175,149.208,155.075,162.21,6,160.594666666667
"Andre Holmes",2495453,"WR",2018,"BUF",36.8,26.38,7.44,14.994,21.18,20.52,6,21.219
"Julio Jones",2495454,"WR",2018,"ATL",172,172.07,196.495,187.548,186.715,185.9,6,183.454666666667
"Cam Newton",2495455,"QB",2018,"CAR",324.46,356.76,346.897,320.0556,328.755,335.482,6,335.4016
"Torrey Smith",2495459,"WR",2018,"CAR",37.5,68.6533333333333,32.8433333333333,51.355,54.7933333333333,42.79,6,47.9891666666667
"Mark Ingram",2495466,"RB",2018,"NO",133.1,127.7,137.34,102.302,128.71,137.38,6,127.755333333333
"Taiwan Jones",2495467,"RB",2018,"BUF",0.6,0,2.06666666666667,1.558,0,2.54,4,1.69116666666667
"Dion Lewis",2495469,"RB",2018,"TEN",120.8,155.473333333333,123.483333333333,110.09,128.973333333333,125.1,6,127.32
"Stevan Ridley",2495470,"RB",2018,"PIT",8.7,6.37,-0.24,13.615,8.46,6.64,5,8.709
"Jacquizz Rodgers",2495471,"RB",2018,"TB",8,48.7333333333333,8.96333333333333,13.245,38.4333333333333,22.66,6,23.3391666666667
"Shane Vereen",2495473,"RB",2018,"NO",28.7,0,3.32666666666667,40.921,0,16.51,4,22.3644166666667
"Calvin Johnson",2495647,"WR",2018,"FA",0,0,0,0,0,0,0,0
"Marshawn Lynch",2495663,"RB",2018,"OAK",113.6,162.1,143.36,130.883,132.14,129.06,6,135.1905
"Greg Olsen",2495700,"TE",2018,"CAR",96.3,120,119.03,108.822,88.66,107.24,6,106.675333333333
"Drew Stanton",2495748,"QB",2018,"CLE",0,16.04,0,62.46,0,0,2,39.25
"Vernon Davis",2495826,"TE",2018,"WAS",66.8,88.2733333333333,42.8433333333333,65.855,57.9733333333333,52.25,6,62.3325
"Marcedes Lewis",2495888,"TE",2018,"GB",42.4,2.86,16.81,19.18,41.14,31.32,6,25.6183333333333
"Brandon Marshall",2495893,"WR",2018,"SEA",69.4,95.6466666666667,68.3466666666667,49.524,67.1466666666667,62.3,6,68.7273333333333
"Delanie Walker",2495966,"TE",2018,"TEN",102.9,110.2,113.875,111.243,98.955,103.85,6,106.837166666667
"Charlie Whitehurst",2495974,"QB",2018,"CLE",0,0,0,0,0,0,0,0
"DeAngelo Williams",2495979,"RB",2018,"FA",0,0,0,0,0,0,0,0
"Phil Dawson",2500351,"K",2018,"ARI",0,0,0,0,0,0,0,0
"Adam Vinatieri",2503471,"K",2018,"IND",0,0,0,0,0,0,0,0
"Tom Brady",2504211,"QB",2018,"NE",351.26,378.57,380.533,378.5596,363.025,371.358,6,370.550933333333
"Sebastian Janikowski",2504257,"K",2018,"SEA",0,0,0,0,0,0,0,0
"Drew Brees",2504775,"QB",2018,"NO",324.64,329.95,325.454,353.779,324.77,340.028,6,333.1035
"Shaun Hill",2504833,"QB",2018,"MIN",0,0,0,0,0,0,0,0
"Josh McCown",2505076,"QB",2018,"NYJ",9.8,114.65,15.366,195.9362,197.52,117.776,6,108.508033333333
"Carson Palmer",2505245,"QB",2018,"FA",0,0,0,0,0,0,0,0
"Jason Witten",2505629,"TE",2018,"FA",0,0,0,0,0,0,0,0
"Matt Schaub",2505982,"QB",2018,"ATL",0.08,7.12,1.196,4.2428,1.8,4.212,6,3.10846666666667
"Eli Manning",2505996,"QB",2018,"NYG",262.1,286.99,287.629,250.9234,270.575,275.594,6,272.3019
"Larry Fitzgerald",2506106,"WR",2018,"ARI",111.9,126.5,135.295,141.952,132.905,130.46,6,129.835333333333
"Ben Roethlisberger",2506109,"QB",2018,"PIT",318.54,336.03,329.464,353.0192,299.17,319.944,6,326.027866666667
"Philip Rivers",2506121,"QB",2018,"LAC",288.54,326.08,329.919,340.4016,319.355,313.896,6,319.6986
"Benjamin Watson",2506122,"TE",2018,"NO",80,94.42,74.86,73.37,56.02,68.08,6,74.4583333333333
"Robbie Gould",2506264,"K",2018,"SF",0,0,0,0,0,0,0,0
"Alex Smith",2506340,"QB",2018,"WAS",314.1,313.84,333.007,333.8172,290.995,309.998,6,315.959533333333
"Aaron Rodgers",2506363,"QB",2018,"GB",363.6,398.46,379.589,395.483,414.505,393.776,6,390.902166666667
"Frank Gore",2506404,"RB",2018,"MIA",75.8,46.2,71.05,64.379,96.82,82.47,6,72.7865
"Darren Sproles",2506467,"RB",2018,"PHI",72,46.18,58.26,60.207,58.18,62.25,6,59.5128333333333
"Matt Cassel",2506562,"QB",2018,"DET",0.6,3.912,1.224,4.4412,0,0.47,5,2.12944
"Ryan Fitzpatrick",2506581,"QB",2018,"TB",28.72,85.32,58.414,57.4312,66.92,59.68,6,59.4142
"Matt Prater",2506677,"K",2018,"DET",0,0,0,0,0,0,0,0
"Devin Hester",2506897,"WR",2018,"SEA",0,0,0,0,0,0,0,0
"Adrian Peterson",2507164,"RB",2018,"ARI",0,0,0,0,0,0,0,0
"Adrian Peterson",2507164,"RB",2018,"FA",0,0,0,0,0,0,0,0
"Ted Ginn",2507166,"WR",2018,"NO",96.5,97.5033333333333,85.3033333333333,121.201,88.8933333333333,89.94,6,96.5568333333333
"Zach Miller",2507170,"TE",2018,"CHI",0,0,0,0,0,0,0,0
"Mason Crosby",2507232,"K",2018,"GB",0,0,0,0,0,0,0,0
"Stephen Hauschka",2507374,"K",2018,"BUF",0,0,0,0,0,0,0,0
"Dan Carpenter",2507401,"K",2018,"BUF",0,0,0,0,0,0,0,0
"Matthew Mulligan",2507405,"TE",2018,"DET",0,0,0,0,0,0,0,0
"Kellen Davis",2507486,"TE",2018,"NYJ",0,0,0,0,0,0,0,0
"Mike Wallace",2507763,"WR",2018,"PHI",86,95.3166666666667,75.3966666666667,99.514,61.8666666666667,73.79,6,81.9806666666667
"Logan Paulsen",2507828,"TE",2018,"ATL",1.8,0,11.89,5.612,14.34,7.03,5,8.1344
"Marlon Moore",2507902,"WR",2018,"CLE",0,0,0,0,0,0,0,0
"Chris Ivory",2507999,"RB",2018,"BUF",60.2,69.5,62.8,36.527,103.29,80.24,6,68.7595
"Antonio Brown",2508061,"WR",2018,"PIT",213.5,200.8,209.465,212.675,195.625,207.42,6,206.580833333333
"Andrew Hawkins",2508097,"WR",2018,"CLE",0,0,0,0,0,0,0,0
"James Develin",2508101,"RB",2018,"NE",3.28,-0.12,5.4,5.51,0,3.39,4,4.365
"Rob Housler",2508112,"TE",2018,"NE",0,0,0,0,0,0,0,0
"Bryan Walters",2528181,"WR",2018,"JAX",0,0,0,0,0,0,0,0
"Chris Hogan",2530515,"WR",2018,"NE",114.9,128.04,135.25,103.476,119.56,125.7,6,121.154333333333
"Jonathan Williams",2530743,"RB",2018,"NO",8.7,18.5433333333333,-2.14666666666667,7.972,19.5533333333333,16.31,5,13.7864
"Doug Baldwin",2530747,"WR",2018,"SEA",141.6,167.09,143.62,148.988,145.55,144.87,6,148.619666666667
"Patrick DiMarco",2530763,"RB",2018,"BUF",2.32,0,9.15,9.491,0,6.05,4,6.75275
"Terrelle Pryor",2531332,"WR",2018,"NYJ",70.9,108.18,59.9,34.951,41.57,55.55,6,61.8418333333333
"Travis Benjamin",2532790,"WR",2018,"LAC",91.3,68.2033333333333,71.8933333333333,83.483,62.9933333333333,68.36,6,74.3721666666667
"Brandon Bolden",2532797,"RB",2018,"NE",2.8,0,-0.386666666666667,16.496,0,5.77,3,8.22644444444444
"Kirk Cousins",2532820,"QB",2018,"MIN",315.58,349,327.842,319.729,294.21,317.12,6,320.580166666667
"Rhett Ellison",2532835,"RB",2018,"NYG",0,0,0,30.384,0,0,1,30.384
"Nick Foles",2532842,"QB",2018,"PHI",23.06,114.05,21.212,9.5924,60.52,35.098,6,43.9220666666667
"Ladarius Green",2532853,"TE",2018,"PIT",0,0,0,0,0,0,0,0
"TY Hilton",2532865,"WR",2018,"IND",140.8,141.2,165.23,111.015,136.82,149.71,6,140.795833333333
"Marvin Jones",2532884,"WR",2018,"DET",127,147.6,142.805,141.936,120.425,131.05,6,135.136
"Jermaine Kearse",2532887,"WR",2018,"NYJ",76.4,77.3133333333333,65.1033333333333,93.74,72.8133333333333,71.65,6,76.17
"Case Keenum",2532888,"QB",2018,"DEN",267.76,294.66,287.946,283.3946,277.5,272.048,6,280.551433333333
"Doug Martin",2532899,"RB",2018,"OAK",71.7,62.9466666666667,74.6166666666667,88.364,82.4866666666667,80.3,6,76.7356666666667
"Rishard Matthews",2532903,"WR",2018,"TEN",106.9,114.3,106,92.569,62.52,94.1,6,96.0648333333333
"Isaiah Pead",2532926,"RB",2018,"MIA",0,0,0,0,0,0,0,0
"DeVier Posey",2532930,"WR",2018,"BAL",0,0,-0.02,1.018,0,9.18,2,5.089
"Brian Quick",2532933,"WR",2018,"WAS",49.7,29.1666666666667,-0.733333333333333,16.241,10.6666666666667,18.97,5,24.8022
"Ryan Tannehill",2532956,"QB",2018,"MIA",255.94,277.92,295.504,293.7952,274.23,272.64,6,278.3382
"Brandon Weeden",2532970,"QB",2018,"HOU",0,3.472,0.992,5.256,36.76,17.36,5,12.768
"Russell Wilson",2532975,"QB",2018,"SEA",334.8,360.86,340.686,356.9316,364,351.712,6,351.498266666667
"Kendall Wright",2532977,"WR",2018,"MIN",82.6,60.5,25.9,63.206,46.74,45.19,6,54.0226666666667
"Jarius Wright",2532978,"WR",2018,"CAR",9,59.6466666666667,5.35666666666667,38.103,0,7.95,5,24.0112666666667
"James Hanna",2533028,"TE",2018,"DAL",0,0,0,0,0,0,0,0
"Andrew Luck",2533031,"QB",2018,"IND",318.62,316.76,338.977,354.289,266.915,312.928,6,318.0815
"Robert Griffin",2533033,"QB",2018,"BAL",-1.26,2.27,-2,70.44,0,-1.63,2,33.91
"Lamar Miller",2533034,"RB",2018,"HOU",139.7,147.013333333333,137.233333333333,140.532,143.313333333333,145.79,6,142.263666666667
"Alshon Jeffery",2533039,"WR",2018,"PHI",106.5,161.7,132.3,122.39,118.05,123.8,6,127.456666666667
"Mohamed Sanu",2533040,"WR",2018,"ATL",91.4,97.92,106.575,101.722,90.625,93.69,6,96.9886666666667
"Dwayne Allen",2533046,"TE",2018,"NE",27,28.0133333333333,6.11333333333333,9.68,24.1133333333333,21.12,6,19.34
"Austin Davis",2533349,"QB",2018,"SEA",-0.02,3.348,1.064,5.329,6.1,6.938,5,4.5518
"Brock Osweiler",2533436,"QB",2018,"MIA",0.21,13.83,0.0380000000000002,10.329,12.07,4.728,6,6.8675
"Randy Bullock",2533444,"K",2018,"CIN",0,0,0,0,0,0,0,0
"Robert Turbin",2533460,"RB",2018,"IND",34.8,14.58,18.89,25.638,30.76,26.18,6,25.1413333333333
"Derek Carrier",2534241,"TE",2018,"OAK",3.4,9.98666666666667,5.56666666666667,5.442,0,7.51,5,6.38106666666667
"Deonte Thompson",2534436,"WR",2018,"DAL",20.7,29.85,9.99,18.17,10.88,22.91,6,18.75
"Austin Johnson",2534437,"RB",2018,"TB",1.5,0,0,0,0,1.5,2,1.5
"Greg Zuerlein",2534797,"K",2018,"LAR",0,0,0,0,0,0,0,0
"Garrett Celek",2534820,"TE",2018,"SF",66.9,67.1133333333333,33.7833333333333,29.87,54.1133333333333,45.02,6,49.4666666666667
"Alex Tanney",2534870,"QB",2018,"NYG",0,-0.02,-0.02,0.6002,0,-0.02,1,0.5402
"Derrick Coleman",2534871,"RB",2018,"ARI",1.1,0,1.92,0,0,1.1,3,1.37333333333333
"Greg Scruggs",2535138,"TE",2018,"NE",0,0,0,0,0,0,0,0
"Phillip Supernaw",2535535,"TE",2018,"TEN",4.8,0,-0.2,0,0,0,1,4.6
"Nathan Palmer",2535681,"WR",2018,"OAK",0,0,0,0,0,0,0,0
"Giorgio Tavecchio",2535686,"K",2018,"OAK",0,0,0,0,0,0,0,0
"Cole Beasley",2535698,"WR",2018,"DAL",68.1,61.3,69.71,51.813,50.4,59.36,6,60.1138333333333
"Rod Streater",2535869,"WR",2018,"BUF",0,0,0,31.1,0,10.78,2,20.94
"Griff Whalen",2535876,"WR",2018,"OAK",0,0,0,2.3,0,5.25,2,3.775
"Travaris Cadet",2535890,"RB",2018,"BUF",65.5,0,32.3533333333333,36.497,8.97333333333333,32.03,5,35.0707333333333
"Sean McGrath",2535943,"TE",2018,"DET",3.3,0,-0.2,4.4,0,10.82,3,6.10666666666667
"Josh Bellamy",2535964,"WR",2018,"CHI",15.6,20.98,0,25.989,24.48,15.4,5,20.4898
"Jamize Olawale",2536044,"RB",2018,"DAL",11.32,0,7.42,4.535,0,8.67,4,7.98625
"Justin Tucker",2536340,"K",2018,"BAL",0,0,0,0,0,0,0,0
"Brandon Bostick",2536342,"TE",2018,"NYJ",0,0,0,0,0,0,0,0
"Josh Gordon",2537931,"WR",2018,"CLE",125.7,133.73,136.835,147.997,109.265,125.41,6,129.822833333333
"Terrance Williams",2539205,"WR",2018,"DAL",77.4,81.26,71.27,72.036,64.46,69.22,6,72.6076666666667
"Dustin Hopkins",2539227,"K",2018,"WAS",0,0,0,0,0,0,0,0
"EJ Manuel",2539228,"QB",2018,"OAK",0.52,8.49,1.12,5.7316,4.86,3.538,6,4.04326666666667
"Tavarres King",2539235,"WR",2018,"MIN",25.4,0,3.29,42.1,11.4,13.32,5,19.102
"Chris Harper",2539246,"WR",2018,"NYJ",0,0,0,0,0,0,0,0
"Quinton Patton",2539250,"WR",2018,"NYJ",0,0,0,0,0,0,0,0
"Denard Robinson",2539260,"RB",2018,"JAX",0,0,0,0,0,0,0,0
"Rex Burkhead",2539265,"RB",2018,"NE",129.5,101.253333333333,119.573333333333,143.632,139.453333333333,131.13,6,127.423666666667
"Mike Glennon",2539275,"QB",2018,"ARI",0,4.88,-6,41.72,0,-6,2,17.3
"Landry Jones",2539287,"QB",2018,"PIT",0,11.41,-0.14,5.778,16.42,14.58,4,12.012
"Kenjon Barner",2539289,"RB",2018,"CAR",4.5,9.41,10.91,0,0,8.01,4,8.2075
"Markus Wheaton",2539291,"WR",2018,"PHI",10.1,25.8933333333333,5.38333333333333,12.875,0,8.05,5,12.4603333333333
"Zach Line",2539303,"RB",2018,"NO",6.7,-0.2,7.78,8.291,4.6,6.56,5,6.7462
"Matt Barkley",2539308,"QB",2018,"CIN",0,-0.18,1.048,6.372,14.24,9.712,4,7.798
"Stepfan Taylor",2539315,"RB",2018,"ARI",0,0,0,0,0,0,0,0
"Christine Michael",2539322,"RB",2018,"IND",14.9,0,4.25,28.921,0,22.71,4,17.69525
"Geno Smith",2539335,"QB",2018,"LAC",0.4,4.08,1.036,6.0008,2.46,3.56,6,2.9228
"Tavon Austin",2539336,"RB",2018,"DAL",0,0,44.97,19.64,0,0,2,32.305
"Caleb Sturgis",2539637,"K",2018,"LAC",0,0,0,0,0,0,0,0
"Mike Gillislee",2539663,"RB",2018,"NE",14.8,46.1333333333333,2.06333333333333,67.8,6.23333333333333,20.85,6,26.3133333333333
"Marquise Goodwin",2539964,"WR",2018,"SF",108.4,119.93,131.28,133.488,115.08,120.73,6,121.484666666667
"Kerwynn Williams",2539980,"RB",2018,"KC",8.9,35.36,-0.2,57.7,0,8.64,4,27.6
"Marlon Brown",2540005,"WR",2018,"CHI",0,0,0,11.2,0,8.63,2,9.915
"Chris Thompson",2540011,"RB",2018,"WAS",119.2,145.5,104.97,102.882,107.95,114.48,6,115.830333333333
"Theo Riddick",2540020,"RB",2018,"DET",75,100.106666666667,79.8866666666667,87.507,82.1066666666667,79.68,6,84.0478333333333
"Fozzy Whittaker",2540037,"RB",2018,"CAR",0,0,0,12.5,0,0,1,12.5
"Cordarrelle Patterson",2540145,"WR",2018,"NE",53.5,50.7,24.855,35.348,36.905,36.07,6,39.563
"Tyler Eifert",2540148,"TE",2018,"CIN",82.4,60.5733333333333,73.4433333333333,94.247,68.8733333333333,73.15,6,75.4478333333333
"Justin Hunter",2540151,"WR",2018,"PIT",18.8,11.9266666666667,6.82666666666667,3.204,0,9.85,5,10.1214666666667
"Keenan Allen",2540154,"WR",2018,"LAC",162.7,160.97,177.335,192.986,155.505,166.47,6,169.327666666667
"Giovani Bernard",2540156,"RB",2018,"CIN",86,98.94,81.84,117.087,97.24,91.95,6,95.5095
"Zach Ertz",2540158,"TE",2018,"PHI",116.1,136.2,129.555,119.144,119.015,122.77,6,123.797333333333
"Jordan Reed",2540160,"TE",2018,"WAS",88.5,84.9333333333333,107.193333333333,93.797,71.9333333333333,88.52,6,89.1461666666667
"DeAndre Hopkins",2540165,"WR",2018,"HOU",174.8,196.6,185.02,171.597,190.93,190.1,6,184.841166666667
"Robert Woods",2540169,"WR",2018,"LAR",116.1,137.72,118.44,138.512,105.18,112.78,6,121.455333333333
"Tyler Bray",2540173,"QB",2018,"CHI",0,-2,-2,-2,0,-2,0,0
"LeVeon Bell",2540175,"RB",2018,"PIT",280.3,249.3,268.69,254.336,247.08,269.82,6,261.587666666667
"Marquess Wilson",2540177,"WR",2018,"PHI",0,0,0,0,0,0,0,0
"Dion Sims",2540200,"TE",2018,"CHI",11.9,27,8.61,12.929,0,14.37,5,14.9618
"Kenny Stills",2540202,"WR",2018,"MIA",96.6,105.9,116.63,95.047,112.2,109.68,6,106.0095
"Levine Toilolo",2540203,"TE",2018,"DET",2.7,16.2866666666667,12.1466666666667,21.261,30.2866666666667,14.28,6,16.1601666666667
"Spencer Ware",2540204,"RB",2018,"KC",83.5,106.96,42.06,33.061,45.36,59.15,6,61.6818333333333
"Gavin Escobar",2540211,"TE",2018,"MIA",5.4,-0.16,-0.16,0.501,0,6.95,3,4.177
"Vance McDonald",2540215,"TE",2018,"PIT",76.1,94.7666666666667,78.7966666666667,73.453,79.1666666666667,70.41,6,78.7821666666667
"Tommy Bohanon",2540225,"RB",2018,"JAX",0,-0.18,8.97,6.674,0,10.11,3,8.52466666666667
"Kyle Juszczyk",2540230,"RB",2018,"SF",40.6,0,42.9633333333333,47.52,27.7533333333333,31.62,5,38.0913333333333
"Jack Doyle",2540232,"TE",2018,"IND",87.3,80.9933333333333,95.1433333333333,97.081,72.7933333333333,87.09,6,86.7335
"Travis Kelce",2540258,"TE",2018,"KC",144.8,137.9,135.295,129.85,146.705,139.94,6,139.081666666667
"MarQueis Gray",2540259,"TE",2018,"MIA",38.6,-0.506666666666667,2.15333333333333,12.863,0,18.85,4,17.9899166666667
"CJ Anderson",2540269,"RB",2018,"CAR",98.1,88.7,95.48,107.652,85.72,95.8,6,95.242
"Nick Williams",2540279,"WR",2018,"TEN",8,0,-0.2,-0.2,0,7.9,2,7.75
"Darren Fells",2540928,"TE",2018,"CLE",22.5,15.68,2.45,14.353,0,16.11,5,14.2186
"Charles D Johnson",2541147,"WR",2018,"NYJ",5.9,0,0,23,0,0,2,14.45
"Latavius Murray",2541161,"RB",2018,"MIN",76.1,118.086666666667,81.2366666666667,84.283,92.1866666666667,81.28,6,88.8621666666667
"Ryan Griffin",2541185,"QB",2018,"HOU",0,0,0,0,0,6.144,1,6.144
"Ryan Griffin",2541185,"QB",2018,"TB",12.1,-0.206666666666667,-0.0326666666666667,0.5436,0,0,2,6.20213333333333
"Demetrius Harris",2541187,"TE",2018,"KC",22.1,33.3866666666667,24.4766666666667,31.337,23.8866666666667,24.34,6,26.5878333333333
"Luke Willson",2541199,"TE",2018,"DET",59.1,78.7266666666667,49.4266666666667,32.873,44.0266666666667,51.19,6,52.5571666666667
"Ryan Griffin",2541316,"TE",2018,"HOU",42.7,19.3933333333333,55.5333333333333,61.665,24.2933333333333,40.42,6,40.6675
"Brice Butler",2541388,"WR",2018,"ARI",84.9,69.16,46.32,35.034,31.06,51.31,6,52.964
"Benny Cunningham",2541544,"RB",2018,"CHI",5.8,37.7333333333333,14.1433333333333,27.099,0,12.67,5,19.4891333333333
"Brandon McManus",2541556,"K",2018,"DEN",0,0,0,0,0,0,0,0
"Timothy Wright",2541768,"TE",2018,"KC",0,0,0,9.689,0,0,1,9.689
"Adam Thielen",2541785,"WR",2018,"MIN",131.3,165.09,152.435,125.436,131.285,141.68,6,141.204333333333
"Josh Hill",2541834,"TE",2018,"NO",28,24.3466666666667,13.2666666666667,34.786,21.3466666666667,20.58,6,23.721
"Rashad Ross",2541940,"WR",2018,"ARI",0,0,0,0,0,0,0,0
"Russell Shepard",2541944,"WR",2018,"NYG",0,24.21,8.65,20.397,0,21.25,4,18.62675
"Jaron Brown",2541966,"WR",2018,"SEA",62.7,87.42,27.08,46.711,41.92,44.18,6,51.6685
"Khiry Robinson",2542022,"RB",2018,"NYJ",0,0,0,0,0,0,0,0
"Matt McGloin",2542065,"QB",2018,"KC",0,0,0,1.7,0,0,1,1.7
"Sammy Watkins",2543457,"WR",2018,"KC",115.2,117.54,126.8,92.957,109.57,120.94,6,113.8345
"Johnny Manziel",2543462,"QB",2018,"FA",0,0,0,0,0,0,0,0
"Teddy Bridgewater",2543465,"QB",2018,"NYJ",0.88,16.28,7.876,-2.3,0,18.996,4,10.433
"Eric Ebron",2543466,"TE",2018,"IND",79.1,87.06,73.85,107.487,69.26,71.07,6,81.3045
"Mike Evans",2543468,"WR",2018,"TB",140.5,163.5,155.565,144.582,149.125,155.34,6,151.435333333333
"Kelvin Benjamin",2543471,"WR",2018,"BUF",68.2,111.9,114.255,92.98,88.505,98.35,6,95.6983333333333
"Marqise Lee",2543475,"WR",2018,"JAX",95.2,112.7,105.95,87.813,113.54,103.21,6,103.068833333333
"Blake Bortles",2543477,"QB",2018,"JAX",287.12,307.72,288.039,288.2098,292.785,292.394,6,292.7113
"Jace Amaro",2543481,"TE",2018,"KC",0,0,3.75,5.9,0,8.38,3,6.01
"Jarvis Landry",2543488,"WR",2018,"CLE",132.5,133.39,116.72,138.38,111.06,118.96,6,125.168333333333
"Paul Richardson",2543491,"WR",2018,"WAS",92.5,96.1,93.71,66.924,45.43,77.39,6,78.6756666666667
"Davante Adams",2543495,"WR",2018,"GB",159.6,166,165.92,148.103,165.57,162.5,6,161.282166666667
"Odell Beckham",2543496,"WR",2018,"NYG",158,198.6,177.36,158.82,181.53,176.25,6,175.093333333333
"AJ McCarron",2543497,"QB",2018,"BUF",45.3,109.84,150.064,160.5872,111.08,117.09,6,115.6602
"Brandin Cooks",2543498,"WR",2018,"LAR",118.4,135.24,131.99,122.408,122.7,132,6,127.123
"Derek Carr",2543499,"QB",2018,"OAK",254.22,307.91,295.822,273.2686,275.74,279.406,6,281.0611
"Jordan Matthews",2543500,"WR",2018,"FA",0,0,0,0,0,0,0,0
"Tre Mason",2543502,"RB",2018,"LAR",0,0,0,0,0,0,0,0
"Allen Robinson",2543509,"WR",2018,"CHI",101.6,152.2,146.665,116.115,137.795,130.67,6,130.840833333333
"Martavis Bryant",2543572,"WR",2018,"OAK",84.2,115.94,64.06,96.727,78.8,75.28,6,85.8345
"Devonta Freeman",2543583,"RB",2018,"ATL",188,184.5,189.885,181.073,187.115,190.56,6,186.8555
"Cody Latimer",2543590,"WR",2018,"NYG",43.5,15.0333333333333,41.3433333333333,47.204,18.8333333333333,33.51,6,33.2373333333333
"Alfred Blue",2543600,"RB",2018,"HOU",18.3,13.9233333333333,50.1333333333333,68.057,13.7733333333333,27.38,6,31.9278333333333
"Jeremy Hill",2543603,"RB",2018,"NE",17.9,75.85,41.59,12.8,29.2,34.29,6,35.2716666666667
"Zach Mettenberger",2543605,"QB",2018,"PIT",0,0,0,0,0,0,0,0
"Donte Moncrief",2543614,"WR",2018,"JAX",86.5,89.6733333333333,75.0033333333333,65.142,26.0733333333333,67.21,6,68.267
"Troy Niklas",2543628,"TE",2018,"NE",12.6,-0.2,-0.2,0,0,0,1,12.2
"DeAnthony Thomas",2543638,"WR",2018,"KC",9.4,20.95,6.33,0,6.5,7.92,5,10.22
"Tom Savage",2543640,"QB",2018,"NO",1.18,3.472,1.028,5.6612,0,4.79,5,3.22624
"Bruce Ellington",2543646,"WR",2018,"HOU",46.6,60.1866666666667,6.78666666666667,66.593,33.9266666666667,33.32,6,41.2355
"Terrance West",2543664,"RB",2018,"NO",20.5,16.8733333333333,9.31333333333333,41.131,0,21.56,5,21.8755333333333
"Austin SeferianJenkins",2543683,"TE",2018,"JAX",65.6,0,73.76,0,55.4,65.8,4,65.14
"Jay Prosch",2543695,"RB",2018,"HOU",0,-0.16,4.09,4.791,0,5.52,3,4.747
"Jerick McKinnon",2543715,"RB",2018,"SF",178.2,186.5,172.255,148.439,170.725,171.59,6,171.284833333333
"CJ Fiedorowicz",2543721,"TE",2018,"HOU",0,0,0,0,0,0,0,0
"Carlos Hyde",2543743,"RB",2018,"CLE",91.8,122.8,90.23,157.72,109.47,111.59,6,113.935
"Josh Huff",2543746,"WR",2018,"NO",0,0,-0.74,7.1,0,8.08,2,7.22
"Jeff Janis",2543750,"WR",2018,"CLE",3.9,0,-0.206666666666667,2.741,0,4.24,3,3.55811111111111
"David Fales",2543751,"QB",2018,"MIA",0,-0.44,-0.44,10.3606,0,13.316,2,11.3983
"Ryan Grant",2543759,"WR",2018,"IND",80.7,83,81.09,84.122,60.37,70.58,6,76.6436666666667
"Shaq Evans",2543761,"WR",2018,"DAL",0,0,0,0,0,0,0,0
"Logan Thomas",2543767,"TE",2018,"BUF",8.4,-0.186666666666667,9.27333333333333,5.504,0,9.81,4,8.20016666666667
"Charles Sims",2543770,"RB",2018,"TB",47.5,69.2733333333333,30.8733333333333,43.333,42.0733333333333,36.45,6,44.9171666666667
"James White",2543773,"RB",2018,"NE",95.4,70.9533333333333,83.7233333333333,122.055,94.1533333333333,91.07,6,92.8925
"Jimmy Garoppolo",2543801,"QB",2018,"SF",308.26,336.38,307.783,337.171,288.995,307.2,6,314.298166666667
"Quincy Enunwa",2543828,"WR",2018,"NYJ",90.5,79.3066666666667,71.0766666666667,94.07,62.9066666666667,75.4,6,78.8766666666667
"TJ Jones",2543836,"WR",2018,"DET",64.6,29.48,23.27,44.245,36.98,38.77,6,39.5575
"John Brown",2543847,"WR",2018,"BAL",81.1,88.6733333333333,76.5333333333333,70.162,68.8733333333333,76.7,6,77.007
"Garrett Gilbert",2549982,"QB",2018,"CAR",-0.16,-0.24,0,7.1598,0,-0.16,1,6.5998
"James Wright",2550162,"WR",2018,"IND",0,0,12.24,11.249,0,9.6,3,11.0296666666667
"Michael Campanaro",2550163,"WR",2018,"TEN",10.4,23.63,2.17,28.392,17.36,10.1,6,15.342
"Isaiah Crowell",2550189,"RB",2018,"NYJ",95.9,130,128.685,119.857,132.795,122.33,6,121.5945
"Bennie Fowler",2550198,"WR",2018,"CHI",0,29.09,-0.41,11.937,0,23.01,3,21.209
"Ryan Hewitt",2550206,"RB",2018,"CIN",0,0,2.39,0,0,3.29,2,2.84
"Freddie Martino",2550223,"WR",2018,"TB",7.5,0,-0.206666666666667,12.243,0,6.91,3,8.81544444444445
"Roosevelt NixJones",2550235,"RB",2018,"PIT",3.9,0,0,0,0,0,1,3.9
"Justin Perillo",2550243,"TE",2018,"CHI",0,0,0,0,0,0,0,0
"Bernard Reedy",2550246,"WR",2018,"TB",0,0,0,0,0,0,0,0
"Willie Snead",2550256,"WR",2018,"BAL",52.3,75.9,69.91,28.417,54.11,57.58,6,56.3695
"Charcandrick West",2550268,"RB",2018,"KC",7.8,20.6633333333333,1.62333333333333,28.884,0,13.05,5,14.4041333333333
"Albert Wilson",2550272,"WR",2018,"MIA",74.4,87.1333333333333,68.6033333333333,55.045,47.0533333333333,60.69,6,65.4875
"Trey Burton",2550284,"TE",2018,"CHI",84,97.5733333333333,79.8533333333333,74.884,89.8733333333333,84,6,85.0306666666667
"David Fluellen",2550289,"RB",2018,"TEN",0.3,0,1.04666666666667,4.77,6.74666666666667,7.13,5,3.99866666666667
"Richard Rodgers",2550313,"TE",2018,"PHI",11.6,48.9866666666667,5.53666666666667,15.458,16.1866666666667,16.05,6,18.9696666666667
"Chandler Catanzaro",2550325,"K",2018,"TB",0,0,0,0,0,0,0,0
"Brandon Coleman",2550328,"WR",2018,"NO",0,0,0,0,0,0,0,0
"JeRon Hamm",2550350,"TE",2018,"LAC",0,0,0,0,0,0,0,0
"Allen Hurns",2550353,"WR",2018,"DAL",89.6,99.6,102.445,87.855,91.855,91.1,6,93.7425
"Seantavius Jones",2550359,"WR",2018,"IND",0,0,0,0,0,9.15,1,9.15
"Stephen Morris",2550376,"QB",2018,"HOU",0,0,0,0,0,0,0,0
"Cody Parkey",2550380,"K",2018,"CHI",0,0,0,0,0,0,0,0
"Keith Smith",2550400,"RB",2018,"OAK",1.1,0,7.99,5.631,0,5.02,4,4.93525
"Erik Swoope",2550405,"TE",2018,"IND",10.3,16.1933333333333,6.90333333333333,17.061,15.7933333333333,11.17,6,12.9035
"Antonio Andrews",2550474,"RB",2018,"TEN",0,0,0,0,0,0,0,0
"Damien Williams",2550512,"RB",2018,"KC",6.1,24.52,18.82,36.025,20.52,12.78,6,19.7941666666667
"Xavier Grimble",2550521,"TE",2018,"PIT",6.8,9.57,2.93,8.577,0,8.2,5,7.2154
"Kapri Bibbs",2550542,"RB",2018,"WAS",14.7,9.6,-0.74,41.496,0,22.08,4,21.784
"Chris Boswell",2550545,"K",2018,"PIT",0,0,0,0,0,0,0,0
"Marcus Lucas",2550581,"TE",2018,"DET",0,0,0,0,0,0,0,0
"Seth Roberts",2550597,"WR",2018,"OAK",47.4,43.0666666666667,-2.93333333333333,47.5,41.9666666666667,40.55,5,43.51
"Scott Simonson",2550599,"TE",2018,"NYG",0,0,0,0,0,0,0,0
"Taylor Gabriel",2550617,"WR",2018,"CHI",54.8,76.1933333333333,57.5233333333333,60.902,46.0333333333333,48.41,6,57.3103333333333
"Senorise Perry",2550633,"RB",2018,"MIA",0.4,0,-0.4,2.9,2.4,7.17,4,3.1175
"Cameron Brate",2550656,"TE",2018,"TB",76.9,87.5533333333333,72.5833333333333,85.211,73.9533333333333,77.02,6,78.8701666666667
"Fitzgerald Toussaint",2550738,"RB",2018,"PIT",2.5,7.05,-0.38,5.678,2.22,6.55,5,4.7236
"Jameis Winston",2552033,"QB",2018,"TB",229.54,263.32,274.4,269.6496,252.1,253.28,6,257.048266666667
"Bryce Petty",2552369,"QB",2018,"MIA",0,12.55,0,29.26,0,0,2,20.905
"Garrett Grayson",2552371,"QB",2018,"ATL",0,0,0,0,0,0,0,0
"Ameer Abdullah",2552374,"RB",2018,"DET",20,79.2,6.46,21.823,0.28,25.41,6,25.5288333333333
"Cameron ArtisPayne",2552375,"RB",2018,"CAR",40.5,0,2.67,0,18.2,25.11,4,21.62
"Karlos Williams",2552380,"RB",2018,"PIT",0,0,0,0,0,0,0,0
"Malcolm Brown",2552382,"RB",2018,"LAR",42.2,39.0233333333333,9.71333333333333,30.677,42.2933333333333,28.18,6,32.0145
"Terrence Magee",2552383,"RB",2018,"ATL",0,0,-0.04,1.32,0,0,1,1.28
"Ben Koyack",2552396,"TE",2018,"JAX",9.2,0,2.17333333333333,8.943,20.2933333333333,15.58,5,11.2379333333333
"Clive Walford",2552397,"TE",2018,"NYJ",8.8,42.7533333333333,10.5033333333333,23.883,40.2533333333333,21.73,6,24.6538333333333
"Jeff Heuerman",2552399,"TE",2018,"DEN",46.4,27.08,23.47,28.132,24.28,27.59,6,29.492
"MyCole Pruitt",2552401,"TE",2018,"HOU",0,-0.02,-0.02,0.087,0,7.24,2,3.6435
"Nick Boyle",2552402,"TE",2018,"BAL",5.8,28.1333333333333,14.4633333333333,30.344,44.2333333333333,22.41,6,24.2306666666667
"Nick OLeary",2552403,"TE",2018,"BUF",33.9,28.18,19.26,28.207,32.98,29.62,6,28.6911666666667
"Darren Waller",2552408,"WR",2018,"BAL",0,0,0,20.5,0,0,1,20.5
"DeVante Parker",2552409,"WR",2018,"MIA",84.4,133.6,106.35,100.131,94.11,98.89,6,102.9135
"Dres Anderson",2552413,"WR",2018,"DAL",0,0,-0.36,9.332,0,0,1,8.972
"Jamison Crowder",2552415,"WR",2018,"WAS",88.2,115.24,116.905,133.458,108.265,110.36,6,112.071333333333
"Justin Hardy",2552418,"WR",2018,"ATL",30.9,62.62,11.28,26.877,18.12,31,6,30.1328333333333
"Keith Mumphery",2552420,"WR",2018,"HOU",0,0,0,0,0,0,0,0
"Kenny Bell",2552421,"WR",2018,"DEN",0,0,0,0,0,0,0,0
"Phillip Dorsett",2552424,"WR",2018,"NE",65.6,22.38,31.69,15.808,16.78,32.05,6,30.718
"Rashad Greene",2552425,"WR",2018,"JAX",0,0,-0.18,4.419,0,8.26,2,6.2495
"Tre McBride",2552428,"WR",2018,"NYJ",0,0,0,14.4,0,0,1,14.4
"Ty Montgomery",2552429,"RB",2018,"GB",87,61.0333333333333,92.9433333333333,78.359,95.6333333333333,89.84,6,84.1348333333333
"Tyler Lockett",2552430,"WR",2018,"SEA",78.8,110.82,95.715,78.347,98.535,89.09,6,91.8845
"Vince Mayle",2552431,"TE",2018,"BAL",0,0,0,0,0,0,0,0
"Tevin Coleman",2552453,"RB",2018,"ATL",148.5,143.513333333333,126.443333333333,123.867,129.013333333333,131.39,6,133.787833333333
"Devin Funchess",2552458,"WR",2018,"CAR",107.8,142,124.325,119.996,121.465,118.88,6,122.411
"Duke Johnson",2552461,"RB",2018,"CLE",90.8,93.4,104.81,119.237,111.83,102.44,6,103.752833333333
"Jalston Fowler",2552464,"RB",2018,"SEA",2.9,0,0,0,0,0,1,2.9
"Marcus Mariota",2552466,"QB",2018,"TEN",272.26,327.76,314.385,295.069,277.015,292.442,6,296.4885
"Maxx Williams",2552468,"TE",2018,"BAL",6.1,24.6733333333333,-0.626666666666667,15.788,11.1733333333333,12.31,5,13.8836
"Melvin Gordon",2552469,"RB",2018,"LAC",204.6,213.693333333333,201.743333333333,235.98,211.793333333333,213.66,6,213.578333333333
"Sammie Coates",2552470,"WR",2018,"HOU",11.9,35.1666666666667,-0.233333333333333,16.348,0,10.33,4,18.3778333333333
"TJ Yeldon",2552471,"RB",2018,"JAX",55.9,64.48,67.1,90.436,41.98,59.77,6,63.2776666666667
"Todd Gurley",2552475,"RB",2018,"LAR",306.2,272.9,260.15,287.322,278.88,276.81,6,280.377
"Aaron Ripkowski",2552477,"RB",2018,"GB",6.7,0,11.9,8.127,0,10.01,4,9.18425
"Blake Bell",2552478,"TE",2018,"MIN",4.6,-0.193333333333333,-0.193333333333333,4.738,0,6.18,3,5.04377777777778
"Amari Cooper",2552487,"WR",2018,"OAK",142,154.18,141.365,132.398,147.535,143.28,6,143.459666666667
"Dorial GreenBeckham",2552491,"WR",2018,"PHI",0,0,0,0,0,0,0,0
"CJ Uzomah",2552559,"TE",2018,"CIN",6.6,0,5.2,15,8,7.44,5,8.448
"Sean Mannion",2552576,"QB",2018,"LAR",0,3.66,0.868,9.2998,5.34,4.774,5,4.78836
"AJ Derby",2552580,"TE",2018,"MIA",15.5,45.9066666666667,11.2266666666667,45.572,14.0066666666667,16.83,6,24.8403333333333
"Jay Ajayi",2552582,"RB",2018,"PHI",140.8,162.9,143.975,154.806,159.385,148.74,6,151.767666666667
"Tyler Kroft",2552586,"TE",2018,"CIN",36.6,69.3933333333333,33.3733333333333,23.54,37.0933333333333,41.25,6,40.2083333333333
"Brett Hundley",2552588,"QB",2018,"GB",0,4.352,1.576,9.407,0,6.492,4,5.45675
"Breshad Perriman",2552597,"WR",2018,"BAL",24.4,20.8933333333333,-0.406666666666667,27.95,20.5933333333333,20.92,5,22.87
"Nelson Agholor",2552600,"WR",2018,"PHI",104.1,130.8,105.47,104.64,101.38,104.04,6,108.405
"Stefon Diggs",2552608,"WR",2018,"MIN",148.3,140.01,144.835,137.663,122.315,140.61,6,138.9555
"Chris Manhertz",2552622,"TE",2018,"CAR",4.84,-0.16,2.23,4.696,0,4.82,4,4.1065
"DeAndre Smelter",2552627,"WR",2018,"JAX",0,0,0,2.3,0,10.23,2,6.265
"Javorius Allen",2552631,"RB",2018,"BAL",71.8,54.4533333333333,70.9733333333333,88.925,98.3533333333333,77.07,6,76.9291666666667
"Jesse James",2552633,"TE",2018,"PIT",51.4,63.6133333333333,30.4433333333333,26.328,40.1133333333333,40.73,6,42.1046666666667
"Matt Jones",2552635,"RB",2018,"PHI",14.6,0,-0.8,0,0,12.13,2,12.965
"Michael Burton",2552636,"RB",2018,"CHI",1.06,0,6.58,10.865,0,3.81,4,5.57875
"Marcus Murphy",2552647,"RB",2018,"BUF",0,0,-0.64,4.824,3.36,9.28,3,5.608
"Kaelin Clay",2552651,"WR",2018,"BUF",6.3,12.49,-0.94,12.822,0,5.64,4,9.078
"Chris Conley",2552652,"WR",2018,"KC",65.6,42.9266666666667,26.0966666666667,48.082,9.92666666666667,32.49,6,37.5203333333333
"Geremy Davis",2552654,"WR",2018,"LAC",8.88,0,-0.02,0.207,0,8.8,3,5.95566666666667
"JJ Nelson",2552656,"WR",2018,"ARI",68.6,70.88,51.63,71.359,69.54,55.97,6,64.6631666666667
"DeAndrew White",2552657,"WR",2018,"DEN",8,0,-0.2,2.2,0,8.07,3,6.02333333333333
"Jason Myers",2553112,"K",2018,"SEA",0,0,0,0,0,0,0,0
"Kennard Backman",2553292,"TE",2018,"DET",0,0,0,0,0,0,0,0
"James OShaughnessy",2553318,"TE",2018,"JAX",5.4,14.96,4.57,21.555,13.96,12.62,6,12.1775
"Kevin White",2553432,"WR",2018,"CHI",38.7,79.14,17.33,37.037,10.64,24.55,6,34.5661666666667
"David Johnson",2553435,"RB",2018,"ARI",230.2,239.8,243.065,240.901,271.895,249.65,6,245.9185
"Mike Davis",2553439,"RB",2018,"SEA",28.1,51.85,-2.2,34.9,26.8,20.91,5,32.072
"Malcolm Johnson",2553446,"RB",2018,"SF",0,0,-2,2.6,0,0,1,0.600000000000001
"Neal Sterling",2553451,"TE",2018,"NYJ",10.7,0,-0.2,0,0,9.51,2,10.005
"Geoff Swaim",2553454,"TE",2018,"DAL",20.8,0,12.4966666666667,9.73,17.9266666666667,17.52,5,15.6946666666667
"Trevor Siemian",2553457,"QB",2018,"MIN",1.34,3.316,0.872,9.5732,4.7,5.35,6,4.19186666666667
"Quan Bray",2553467,"WR",2018,"HOU",6.1,0,-0.2,3.7,0,5.75,3,5.11666666666667
"Trey Williams",2553486,"RB",2018,"DAL",0,0,-0.46,13.133,0,8.86,2,10.7665
"Damiere Byrd",2553499,"WR",2018,"CAR",13.6,0,3.08666666666667,18.981,11.8466666666667,11.28,5,11.7588666666667
"Jake Kumerow",2553548,"WR",2018,"GB",0,0,0,0,0,0,0,0
"Paul Lasike",2553551,"RB",2018,"CHI",0,0,0,0,0,0,0,0
"Khari Lee",2553552,"TE",2018,"BUF",4.28,0,-0.02,0.142,0,6.28,3,3.56066666666667
"Matt Lengel",2553554,"TE",2018,"HOU",0,0,-0.02,0.053,0,9.79,2,4.9115
"Cameron Meredith",2553568,"WR",2018,"NO",73.5,111.5,88.915,101.694,72.695,81.61,6,88.319
"Jordan Taylor",2553606,"WR",2018,"DEN",6.7,0,5.17333333333333,33.801,22.4333333333333,12.4,5,16.1015333333333
"Lucky Whitehead",2553621,"WR",2018,"NYJ",0,0,-2,11,0,7.43,2,8.215
"Shane Wynn",2553630,"WR",2018,"JAX",6.4,0,0,2.2,0,6.92,3,5.17333333333333
"Zach Zenner",2553631,"RB",2018,"DET",9.8,0,-0.4,8.2,0,7.86,3,8.48666666666667
"Corey Grant",2553650,"RB",2018,"JAX",62,37.0566666666667,35.9566666666667,20.629,72.5666666666667,48.32,6,46.0881666666667
"Taylor Heinicke",2553656,"QB",2018,"CAR",0,0,0,0.6,0.6,3.418,3,1.53933333333333
"Gabe Holmes",2553658,"TE",2018,"ARI",0,0,0,5.074,0,6.28,2,5.677
"Matt LaCosse",2553667,"TE",2018,"DEN",0,0,-0.2,5.522,0,0,1,5.322
"Jordan Leslie",2553668,"WR",2018,"DEN",0,0,-0.32,14.013,0,9.77,2,11.7315
"Rasheed Bailey",2553692,"WR",2018,"CAR",0,0,0,14.036,0,0,1,14.036
"Bradley Marquez",2553725,"WR",2018,"DET",0,0,-0.2,6.716,0,6.9,2,6.708
"Raheem Mostert",2553728,"RB",2018,"SF",26.9,0,-5.75333333333333,6.763,0,11.1,3,13.0032222222222
"Thomas Rawls",2553733,"RB",2018,"NYJ",10.2,31.31,1.01,8.801,26.66,23.01,6,16.8318333333333
"Rod Smith",2553743,"RB",2018,"DAL",51.4,35.85,24.68,71.461,63.6,44,6,48.4985
"Eric Tomlinson",2553744,"TE",2018,"NYJ",7.7,14.5666666666667,4.63666666666667,18.684,0,11.11,5,11.3394666666667
"George Farmer",2553767,"RB",2018,"SEA",0,0,0,0,0,0,0,0
"Manasseh Garner",2553801,"TE",2018,"WAS",0,0,0,4.138,0,0,1,4.138
"Will Tye",2553830,"TE",2018,"NE",0,0,0,3.8,0,4.91,2,4.355
"Josh Lambo",2553833,"K",2018,"JAX",0,0,0,0,0,0,0,0
"Brian Parker",2553840,"TE",2018,"DEN",0,0,0,0.6,0,0,1,0.6
"Tim Semisch",2553847,"TE",2018,"TEN",0,0,0,9.977,0,0,1,9.977
"Mack Brown",2553867,"RB",2018,"MIN",6.6,7.41,5.61,18.984,8.28,9.15,6,9.339
"Adam Humphries",2553895,"WR",2018,"TB",69.1,52.9266666666667,51.7666666666667,82.637,46.2266666666667,49.02,6,58.6128333333333
"Darius Jennings",2553896,"WR",2018,"TEN",0,0,-0.24,4.085,0,9.86,2,6.8525
"Daniel Brown",2553900,"TE",2018,"CHI",4.7,0,-0.2,12.7,3.7,5.74,4,6.66
"Tyrell Williams",2553913,"WR",2018,"LAC",104.8,105.04,80.57,103.094,99.04,94.58,6,97.854
"Kasen Williams",2554138,"WR",2018,"IND",10,0,-0.2,0,0,9.9,2,9.85
"Ross Travis",2554630,"TE",2018,"IND",3.8,0,-0.206666666666667,10.69,0,3.91,3,6.06444444444444
"Chris Moore",2555209,"WR",2018,"BAL",34,26.2433333333333,23.8133333333333,28.864,7.69333333333333,19.47,6,23.3473333333333
"Laquon Treadwell",2555214,"WR",2018,"MIN",45.9,30.7333333333333,45.6233333333333,28.282,28.1333333333333,38.22,6,36.1486666666667
"Leonte Carroo",2555215,"WR",2018,"MIA",10.6,20.5,-0.2,5.113,8,9.28,5,10.6586
"Malcolm Mitchell",2555216,"WR",2018,"NE",0,0,0,0,0,0,0,0
"Danny Vitale",2555218,"RB",2018,"CLE",1.8,0,1.88,2.884,0,0,3,2.188
"Daniel Lasco",2555219,"RB",2018,"NO",2.4,0,-0.273333333333333,0.481,0,1.3,3,1.30255555555556
"Derek Watt",2555220,"RB",2018,"LAC",2.3,0,5.23,7.479,4.3,5.58,5,4.9778
"Devontae Booker",2555223,"RB",2018,"DEN",93.1,85.84,90.6,88.771,116.04,98.76,6,95.5185
"Ezekiel Elliott",2555224,"RB",2018,"DAL",227.3,244.6,252.685,224.608,248.245,251.97,6,241.568
"Jonathan Williams",2555227,"RB",2018,"NO",8.7,18.5433333333333,-2.14666666666667,7.972,19.5533333333333,16.31,5,13.7864
"Kenneth Dixon",2555229,"RB",2018,"BAL",48.4,72.43,70.62,88.941,31.12,52.2,6,60.6185
"Kenyan Drake",2555230,"RB",2018,"MIA",141.8,195,155.305,172.836,126.705,146.62,6,156.377666666667
"Tyler Ervin",2555234,"RB",2018,"HOU",0.9,0,0,14.204,3.29333333333333,13.74,4,8.03433333333333
"Carson Wentz",2555259,"QB",2018,"PHI",318.5,365.14,334.374,307.7358,290.4,323.654,6,323.300633333333
"Dak Prescott",2555260,"QB",2018,"DAL",296.08,324.08,291.028,279.508,286.07,296.016,6,295.463666666667
"Jacoby Brissett",2555261,"QB",2018,"IND",1.3,13.96,9.134,10.7032,43.32,20.49,6,16.4845333333333
"Jeff Driskel",2555262,"QB",2018,"CIN",0,0,0,0,0,0,0,0
"Kevin Hogan",2555263,"QB",2018,"WAS",0.62,3.128,-0.34,7.5814,0,0.14,4,2.78235
"Nick Vannett",2555289,"TE",2018,"SEA",22.4,47.5333333333333,32.4033333333333,31.574,62.9333333333333,38.19,6,39.1723333333333
"Sterling Shepard",2555295,"WR",2018,"NYG",93.5,114.75,115.71,108.848,84.69,99.17,6,102.778
"David Morgan",2555306,"TE",2018,"MIN",7.3,0,15.0966666666667,10.69,18.4866666666667,14.82,5,13.2786666666667
"Jerell Adams",2555311,"TE",2018,"NYG",0,0,5.57,15.669,10,7.11,4,9.58725
"Paxton Lynch",2555316,"QB",2018,"DEN",0.8,3.496,-0.2,6.3118,1.24,5.552,5,3.43996
"Tajae Sharpe",2555317,"WR",2018,"TEN",15.1,0,12.93,53.491,7.86,15.54,5,20.9842
"Cody Core",2555331,"WR",2018,"CIN",4.8,0,-0.2,-0.2,0,9.06,2,6.73
"Connor Cook",2555332,"QB",2018,"OAK",0,-0.02,-0.02,0.4014,0,15.05,2,7.7057
"Corey Coleman",2555333,"WR",2018,"BUF",61,119.76,63.905,76.864,59.885,65.09,6,74.4173333333333
"Jared Goff",2555334,"QB",2018,"LAR",296.04,334.98,307.1,324.3998,296.31,306.542,6,310.8953
"Hunter Henry",2555341,"TE",2018,"LAC",0,0,0,81.9,0,0,1,81.9
"Josh Doctson",2555343,"WR",2018,"WAS",91.1,123.3,114.235,88.777,90.285,90.3,6,99.6661666666667
"Will Fuller",2555346,"WR",2018,"HOU",105,122.64,115.875,87.317,87.085,104.7,6,103.7695
"Braxton Miller",2555348,"WR",2018,"HOU",18.1,21.9533333333333,22.3333333333333,27.044,47.0533333333333,28.59,6,27.5123333333333
"Keenan Reynolds",2555356,"WR",2018,"SEA",0,0,0,0,0,0,0,0
"Aaron Burbridge",2555362,"WR",2018,"SF",3.7,0,-1.06666666666667,6.8,0,5.8,3,5.07777777777778
"Tyler Higbee",2555364,"TE",2018,"LAR",51.9,63.1,38.14,43.355,42.8,42.51,6,46.9675
"Brandon Allen",2555365,"QB",2018,"LAR",0,0,0,0,0,0,0,0
"Cody Kessler",2555387,"QB",2018,"JAX",0.5,3.42,0.956,6.4376,2.38,5.958,6,3.27526666666667
"Roberto Aguayo",2555408,"K",2018,"LAC",0,0,0,0,0,0,0,0
"Trevor Davis",2555413,"WR",2018,"GB",12.8,37.98,11.94,26.037,0,14.06,5,20.5634
"Austin Hooper",2555415,"TE",2018,"ATL",63.4,91.02,74.43,56.26,74.02,69.75,6,71.48
"CJ Prosise",2555417,"RB",2018,"SEA",71.3,47.4333333333333,25.8733333333333,34.584,3.93333333333333,41.93,6,37.509
"Jordan Howard",2555418,"RB",2018,"CHI",146.5,195.3,170.615,188.085,173.905,172.44,6,174.474166666667
"Pharoh Cooper",2555419,"WR",2018,"LAR",10.5,34.0533333333333,11.1233333333333,23.808,11.9533333333333,16.11,6,17.9246666666667
"Cardale Jones",2555426,"QB",2018,"LAC",0,3.808,-0.02,0.6962,0,-0.02,2,2.2321
"Nate Sudfeld",2555427,"QB",2018,"PHI",0,3.608,0,7.56,0,0,2,5.584
"Alex Collins",2555430,"RB",2018,"BAL",147.1,161.7,155.6,191.837,168.2,155.14,6,163.262833333333
"Andy Janovich",2555432,"RB",2018,"DEN",4.93,0,9.55,9.237,0,8.79,4,8.12675
"Keith Marshall",2555459,"RB",2018,"WAS",0,0,0,0,0,0,0,0
"Paul Perkins",2555460,"RB",2018,"NYG",0,0,0,13.6,5.7,0,2,9.65
"Wendell Smallwood",2555461,"RB",2018,"PHI",29.6,18.7466666666667,-1.37333333333333,14.902,6.62666666666667,10.39,5,15.7784
"DeAndre Washington",2555464,"RB",2018,"OAK",8.6,46.1666666666667,32.1266666666667,23.23,31.5666666666667,25.53,6,27.87
"DeMarcus Ayers",2555465,"WR",2018,"CHI",0,0,0,10.1,0,7.55,2,8.825
"Tyler Boyd",2555466,"WR",2018,"CIN",48.3,44.8733333333333,56.3033333333333,88.133,39.6733333333333,45.88,6,53.8605
"Rashard Higgins",2555468,"WR",2018,"CLE",16.5,25.7266666666667,20.2866666666667,48.156,23.9266666666667,19,6,25.5993333333333
"Ricardo Louis",2555473,"WR",2018,"CLE",6,19.1266666666667,-0.173333333333333,2.247,0,2.9,4,7.52508333333333
"Charone Peake",2555477,"WR",2018,"NYJ",6.1,0,-0.226666666666667,12.71,0,8.15,3,8.91111111111111
"Demarcus Robinson",2555478,"WR",2018,"KC",9.88,0,10.13,20.117,28.18,19.83,5,17.6274
"Thomas Duarte",2555483,"TE",2018,"MIA",0,0,-0.02,0.844,0,0,1,0.824
"Temarrick Hemingway",2555486,"TE",2018,"LAR",0,0,2.8,4.011,0,6.68,3,4.497
"Derrick Henry",2556075,"RB",2018,"TEN",136.5,141.4,160.03,177.176,147.33,154.23,6,152.777666666667
"Dwayne Washington",2556118,"RB",2018,"DET",6.8,5.94,-0.4,5.4,0,9.31,4,6.7625
"Daniel Braverman",2556144,"WR",2018,"KC",0,0,0,0,0,8.75,1,8.75
"Jakeem Grant",2556190,"WR",2018,"MIA",40.3,30.3766666666667,14.7366666666667,39.314,21.0866666666667,17.9,6,27.2856666666667
"Tyreek Hill",2556214,"WR",2018,"KC",156.1,167.7,153.49,153.243,152.35,155.67,6,156.4255
"Jake Rudock",2556232,"QB",2018,"DET",0,3.516,0,-1.04,0,8.36,2,5.418
"Darius Jackson",2556273,"RB",2018,"DAL",0,0,0,0,0,0,0,0
"Seth DeValve",2556365,"TE",2018,"CLE",15.3,64.6,16.09,0,21.1,22.03,5,27.824
"Michael Thomas",2556370,"WR",2018,"NO",158.9,162.3,177.39,186.364,159.76,166.81,6,168.587333333333
"Rico Gathers",2556375,"TE",2018,"DAL",4.94,-0.36,20.27,24.793,21.24,20.69,5,18.3146
"Zac Brooks",2556379,"RB",2018,"SEA",0,0,0,0,0,0,0,0
"Mike Thomas",2556381,"WR",2018,"LAR",10.4,0,2.08,8.9,0,8.96,4,7.585
"KJ Brent",2556383,"WR",2018,"IND",0,0,0,7.751,0,6.61,2,7.1805
"Chester Rogers",2556396,"WR",2018,"IND",79.7,56.3633333333333,46.9733333333333,44.594,49.9733333333333,55.39,6,55.499
"Tevaun Smith",2556399,"WR",2018,"JAX",0,0,0,11.224,0,0,1,11.224
"Maurice Harris",2556404,"WR",2018,"WAS",6.2,0,2.34,10.838,0,7.9,4,6.8195
"Josh Ferguson",2556411,"RB",2018,"IND",0,3.31,0,2.1,0,5.26,3,3.55666666666667
"Rob Kelley",2556414,"RB",2018,"WAS",81.8,84.69,83.51,104.459,29.28,0,5,76.7478
"Joe Kerridge",2556415,"RB",2018,"GB",0,0,0,0.3,0,0.6,2,0.45
"JD McKissic",2556440,"RB",2018,"SEA",0,45.8,12.58,0,26.7,0,3,28.36
"Josh Perkins",2556444,"TE",2018,"PHI",0,0,0,10.2,0,0,1,10.2
"Hakeem Valles",2556453,"TE",2018,"DET",0,0,-0.02,0.434,0,6.61,2,3.512
"Brandon Wilds",2556454,"RB",2018,"JAX",0,0,-0.5,14.674,0,8.76,2,11.467
"Geronimo Allison",2556460,"WR",2018,"GB",76.3,89.5533333333333,47.5533333333333,63.694,70.2533333333333,60.27,6,67.9373333333333
"Robby Anderson",2556462,"WR",2018,"NYJ",107.4,130.15,121.085,109.527,123.175,116.73,6,118.011166666667
"Stephen Anderson",2556463,"TE",2018,"HOU",38.3,37.96,16.62,27.973,34.06,33.94,6,31.4755
"Peyton Barber",2556466,"RB",2018,"TB",74.3,55.22,74.4,68.087,104.52,87.06,6,77.2645
"Jace Billingsley",2556473,"WR",2018,"DET",0,0,-0.1,1.214,0,8.79,2,4.952
"Braedon Bowman",2556476,"TE",2018,"LAC",0,0,38.05,10.999,3.27,20.69,4,18.25225
"Ben Braunecker",2556478,"TE",2018,"CHI",0.7,0,-0.14,0.215,0,5.34,3,2.03833333333333
"Devon Cajuste",2556490,"TE",2018,"CLE",0,0,-0.26,9.24,0,0,1,8.98
"Joe Callahan",2556492,"QB",2018,"PHI",0,0,0,0.44,0,0,1,0.44
"Tra Carson",2556493,"RB",2018,"CIN",0,0,0,3.674,0,0,1,3.674
"Kyle Carter",2556494,"TE",2018,"SEA",0,0,0,0.699,0,0,1,0.699
"Alan Cross",2556508,"TE",2018,"TB",0,0,3.28,11.559,0,6.32,3,7.053
"Alex Erickson",2556519,"WR",2018,"CIN",14.6,18.4866666666667,10.0866666666667,16.835,17.0866666666667,14.79,6,15.3141666666667
"DJ Foster",2556528,"RB",2018,"ARI",3,16.56,-0.4,0,0,9.1,3,9.42
"Mose Frazier",2556530,"WR",2018,"CAR",0,0,0,0.372,0,0,1,0.372
"David Grinnage",2556543,"TE",2018,"JAX",0,0,0,0,0,0,0,0
"Russell Hansbrough",2556547,"RB",2018,"LAC",0,0,0,2.295,0,0,1,2.295
"Don Jackson",2556563,"RB",2018,"GB",0,0,0,0,0,0,0,0
"Andy Jones",2556569,"WR",2018,"DET",7.2,0,5.77,0.918,0,7.89,4,5.4445
"Tevin Jones",2556572,"WR",2018,"PIT",0,0,0,0,0,0,0,0
"Henry KriegerCoble",2556580,"TE",2018,"LAR",0,0,0,0,0,7.31,1,7.31
"Roger Lewis",2556592,"WR",2018,"NYG",36.5,35.1,16.84,39.708,40.2,22.56,6,31.818
"Wil Lutz",2556601,"K",2018,"NO",0,0,0,0,0,0,0,0
"Tre Madden",2556603,"RB",2018,"SEA",0,0,1.77,7.178,0,6.32,3,5.08933333333333
"Tanner McEvoy",2556612,"WR",2018,"SEA",6.2,0,-1.33333333333333,7.3,15.0666666666667,7.88,4,8.77833333333333
"Marquez North",2556636,"WR",2018,"LAR",0,0,0,0,0,0,0,0
"Kalif Raymond",2556661,"WR",2018,"NYG",2,0,-1.33333333333333,-0.9,0,4.01,2,1.88833333333333
"Rashawn Scott",2556676,"WR",2018,"MIA",0,0,-0.04,1.223,0,0,1,1.183
"Brandon Shippen",2556680,"WR",2018,"TEN",0,0,0,0,0,0,0,0
"Nelson Spruce",2556686,"WR",2018,"LAC",0,0,0,0,0,0,0,0
"Bryce Treggs",2556697,"WR",2018,"PHI",0,10.7,-0.3,12.417,0,4.45,3,9.089
"Jason Vander Laan",2556700,"TE",2018,"CAR",0,0,0,0,0,0,0,0
"Cole Wick",2556708,"TE",2018,"SF",0,0,-0.22,6.114,0,8.42,2,7.157
"Bryce Williams",2556709,"TE",2018,"ARI",0,0,-0.26,11.762,0,0,1,11.502
"Josh Woodrum",2556713,"QB",2018,"BAL",0,0,0,0,0,0,0,0
"Alex Ellis",2556737,"TE",2018,"KC",0,0,0,0,0,6.75,1,6.75
"Tommylee Lewis",2556752,"WR",2018,"NO",6,21.25,9.1,0.902,0,7.29,5,8.9084
"Elijhaa Penny",2556762,"RB",2018,"ARI",9.2,0,4.63333333333333,34.588,11.4733333333333,17.14,5,15.4069333333333
"Aldrick Rosas",2556771,"K",2018,"NYG",0,0,0,0,0,0,0,0
"Hunter Sharp",2556773,"WR",2018,"NYG",17.3,0,0,22.505,0,11.95,3,17.2516666666667
"Marcus Tucker",2556782,"WR",2018,"PIT",0,0,0,18.314,0,0,1,18.314
"CJ Ham",2556803,"RB",2018,"MIN",0,0,3.32,7.455,6.04,10.14,4,6.73875
"Johnny Holton",2556805,"WR",2018,"OAK",11.7,44.33,-1.175,16.052,6.825,10.63,5,17.6724
"Max McCaffrey",2556814,"WR",2018,"SF",8.4,0,-0.2,0.2,0,6.89,3,5.09666666666667
"Ryan OMalley",2556818,"TE",2018,"NYG",0,0,0,7.081,0,0,1,7.081
"Cayleb Jones",2556840,"WR",2018,"MIN",0,0,0,27.544,0,0,1,27.544
"Byron Marshall",2556841,"RB",2018,"WAS",2.7,0,3.64,0,0,2.7,3,3.01333333333333
"Devon Johnson",2556854,"RB",2018,"CAR",0,0,0,0,0,0,0,0
"Marcus Johnson",2556855,"WR",2018,"SEA",0,0,8.85,2.5,0,6.26,3,5.87
"Jamaal Jones",2556856,"WR",2018,"CAR",0,0,0,11.577,0,0,1,11.577
"Jake McGee",2556860,"TE",2018,"PIT",0,0,0,0,0,0,0,0
"Jaydon Mickens",2556861,"WR",2018,"JAX",8.7,0,3.98333333333333,5.885,0,8.46,4,6.75708333333333
"Jake Lampman",2556882,"WR",2018,"TB",0,0,0,0.584,0,9.59,2,5.087
"Jalen Richard",2556885,"RB",2018,"OAK",64.7,51.5,20.665,31.449,45.395,41.14,6,42.4748333333333
"Jalen Simmons",2556889,"RB",2018,"NYG",0,0,0,0,0,0,0,0
"Austin Traylor",2556900,"TE",2018,"DEN",26.7,0,-0.76,12.599,0,12.3,3,16.9463333333333
"Garrett Griffin",2557033,"TE",2018,"NO",0,0,0,7.714,0,5.34,2,6.527
"Marvin Hall",2557034,"WR",2018,"ATL",4.8,14.3,5.42,14.718,0,7.19,5,9.2856
"Sam Ficken",2557430,"K",2018,"LAR",0,0,0,0,0,0,0,0
"Marquis Bundy",2557431,"WR",2018,"NYG",0,0,0,0,0,8.12,1,8.12
"Troymaine Pope",2557531,"RB",2018,"HOU",0,0,1.85,21.185,0,8.5,3,10.5116666666667
"Corey Davis",2557848,"WR",2018,"TEN",105.3,122.4,122.705,105.245,104.455,107.99,6,111.349166666667
"DeAngelo Henderson",2557850,"RB",2018,"DEN",64.8,30.7,27.84,23.446,13.8,33.84,6,32.4043333333333
"OJ Howard",2557856,"TE",2018,"TB",70.3,88.88,65.09,64.79,68.98,70.14,6,71.3633333333333
"Evan Engram",2557858,"TE",2018,"NYG",106.5,113.286666666667,112.996666666667,108.052,100.786666666667,107.54,6,108.193666666667
"Jake Butt",2557859,"TE",2018,"DEN",39.8,1.7,46.04,51.413,52.74,45.23,6,39.4871666666667
"Zay Jones",2557863,"WR",2018,"BUF",46.8,79.8,32.045,40.052,60.605,47.59,6,51.1486666666667
"Jehu Chesson",2557866,"WR",2018,"KC",3.48,0,2.18,2.108,7.48,5.72,5,4.1936
"Chad Kelly",2557869,"QB",2018,"DEN",0,3.02,0.844,9.7828,0,7.252,4,5.2247
"Taywan Taylor",2557870,"WR",2018,"TEN",48.5,61.1933333333333,64.1633333333333,20.791,53.4333333333333,60.88,6,51.4935
"Jordan Leggett",2557885,"TE",2018,"NYJ",24.2,-0.693333333333333,19.9966666666667,10.655,14.2066666666667,21.1,5,17.893
"Jeremy Sprinkle",2557886,"TE",2018,"WAS",6.6,10.7866666666667,2.91666666666667,5.679,0,6.87,5,6.57046666666667
"Gerald Everett",2557889,"TE",2018,"LAR",21.8,45.2666666666667,47.3066666666667,34.177,32.8666666666667,35.51,6,36.1545
"Dede Westbrook",2557895,"WR",2018,"JAX",73,86.58,39.86,30.351,79.98,66.83,6,62.7668333333333
"Stacy Coley",2557896,"WR",2018,"MIN",0,0,16.81,11.692,0,6.02,3,11.5073333333333
"Davis Webb",2557897,"QB",2018,"NYG",0,16.5,8.928,8.0992,6.14,8.828,5,9.69904
"Cooper Kupp",2557898,"WR",2018,"LAR",114,116.1,117.26,130.968,108.44,111.87,6,116.439666666667
"Amara Darboh",2557905,"WR",2018,"SEA",5.5,28.4733333333333,30.5133333333333,11.228,9.27333333333333,15.84,6,16.8046666666667
"Kareem Hunt",2557917,"RB",2018,"KC",216.7,223.4,200.41,210.378,207.84,212.1,6,211.804666666667
"CJ Beathard",2557922,"QB",2018,"SF",2.16,3.352,0.96,6.8146,5.14,5.91,6,4.0561
"Elijah McGuire",2557934,"RB",2018,"NYJ",62.6,41.4366666666667,62.5666666666667,22.8,13.4866666666667,39.71,6,40.4333333333333
"Joe Williams",2557936,"RB",2018,"SF",0,0,28.42,22.956,0,31.1,3,27.492
"Wayne Gallman",2557952,"RB",2018,"NYG",50.3,37.3666666666667,29.7366666666667,61.088,72.7666666666667,49.53,6,50.1313333333333
"Ryan Switzer",2557960,"WR",2018,"OAK",3.5,0,54.8,17.524,7.32,17.1,5,20.0488
"Leonard Fournette",2557973,"RB",2018,"JAX",200,209.8,216.9,207.75,202.22,212.34,6,208.168333333333
"Joe Mixon",2557976,"RB",2018,"CIN",151.4,180.2,161.83,147.729,189.79,165.37,6,166.053166666667
"Jeremy McNichols",2557977,"RB",2018,"SF",0,41.76,-0.54,13.652,0,17.42,3,24.0973333333333
"James Conner",2557978,"RB",2018,"PIT",50.8,21.5533333333333,29.9733333333333,23.894,26.3533333333333,36.97,6,31.5906666666667
"DeShone Kizer",2557983,"QB",2018,"GB",-10.3,1.13,-12,197.66,-9.9,-7.928,2,79.331
"David Njoku",2557986,"TE",2018,"CLE",86.7,86.6,82.5,52.034,81.9,82.35,6,78.6806666666667
"Matt Dayes",2557987,"RB",2018,"CLE",0.8,0,0,3.6,0,0,2,2.2
"Dalvin Cook",2557991,"RB",2018,"MIN",186.3,200.1,209.37,214.189,207.26,201.08,6,203.049833333333
"DOnta Foreman",2557994,"RB",2018,"HOU",86.1,124.9,60.42,40.511,82.76,76.89,6,78.5968333333333
"Christian McCaffrey",2557997,"RB",2018,"CAR",172.8,173.9,181.66,172.243,177.12,181.75,6,176.578833333333
"Carlos Henderson",2558003,"WR",2018,"DEN",7.4,78.0533333333333,-0.146666666666667,2.113,0,9.2,4,24.1549166666667
"Mitchell Trubisky",2558008,"QB",2018,"CHI",255.42,286.14,305.768,218.7222,269.62,275.174,6,268.474033333333
"John Ross",2558010,"WR",2018,"CIN",70.5,93.65,95.41,90.404,83.82,80.4,6,85.6973333333333
"Bucky Hodges",2558011,"TE",2018,"PIT",4.88,-0.32,-0.32,15.54,0,4.88,3,8.22
"Brad Kaaya",2558016,"QB",2018,"IND",0,0,0,0,0,0,0,0
"Alvin Kamara",2558019,"RB",2018,"NO",217.4,232.2,215.69,224.164,215.99,218.4,6,220.640666666667
"Eric Saubert",2558023,"TE",2018,"ATL",5.28,-0.22,5.94,4.981,0,11.27,4,6.81275
"DeAngelo Yancey",2558025,"WR",2018,"GB",0,0,-0.6,30.808,16.1,16.1,3,20.8026666666667
"Rodney Adams",2558047,"WR",2018,"MIN",0,0,0,0,0,0,0,0
"Michael Roberts",2558049,"TE",2018,"DET",5.6,0,36.62,8.85,7.48,15.99,5,14.908
"Kenny Golladay",2558052,"WR",2018,"DET",97.5,114.99,106,103.095,85.12,92.75,6,99.9091666666667
"Deshaun Watson",2558063,"QB",2018,"HOU",345.72,377.58,324.431,400.4434,305.845,333.526,6,347.924233333333
"Curtis Samuel",2558066,"WR",2018,"CAR",54.2,71.9666666666667,48.0166666666667,35.174,6.96666666666667,40.28,6,42.7673333333333
"Chad Hansen",2558069,"WR",2018,"NYJ",2.5,12.46,19.29,16.322,0,5.47,5,11.2084
"Isaiah Ford",2558071,"WR",2018,"MIA",0,0,0,0,0,0,0,0
"Noah Brown",2558091,"WR",2018,"DAL",5.9,0,2.23,3.1,0,5.41,4,4.16
"Malachi Dupre",2558095,"WR",2018,"BUF",0,0,-0.48,16.219,0,0,1,15.739
"Chris Godwin",2558105,"WR",2018,"TB",63.2,114.3,88.575,74.9,68.625,74.52,6,80.6866666666667
"Brian Hill",2558112,"RB",2018,"CIN",4.4,19.61,-0.4,6.9,2.9,7.39,5,8.16
"Elijah Hood",2558113,"RB",2018,"CAR",0,0,0,0,0,0,0,0
"Aaron Jones",2558116,"RB",2018,"GB",76.7,124,79.775,44.869,55.445,72.29,6,75.5131666666667
"Marlon Mack",2558123,"RB",2018,"IND",110.2,137.08,121.52,146.732,133.08,128.55,6,129.527
"Patrick Mahomes",2558125,"QB",2018,"KC",303.22,313.06,317.282,267.592,294.57,295.816,6,298.59
"Josh Malone",2558127,"WR",2018,"CIN",6.8,0,16.5166666666667,29.09,0,7.03,4,14.8591666666667
"Isaiah McKenzie",2558129,"WR",2018,"DEN",-0.2,9.44666666666667,-1.37333333333333,22.794,0,6.82,3,12.4957777777778
"Samaje Perine",2558138,"RB",2018,"WAS",83.2,78.9,75.88,40.303,115.71,98.29,6,82.0471666666667
"Adam Shaheen",2558144,"TE",2018,"CHI",19.5,39.1066666666667,36.5866666666667,42.733,40.2066666666667,33.18,6,35.2188333333333
"JuJu SmithSchuster",2558149,"WR",2018,"PIT",133.4,0,128.07,0,136.2,133.36,4,132.7575
"ArDarius Stewart",2558150,"WR",2018,"NYJ",5.3,0,7.30666666666667,5.609,8.54666666666667,16.82,5,8.71646666666667
"Joshua Dobbs",2558167,"QB",2018,"PIT",0,3.796,-0.04,1.2262,0,0,2,2.4911
"Jake Elliott",2558172,"K",2018,"PHI",0,0,0,0,0,0,0,0
"Zane Gonzalez",2558178,"K",2018,"CLE",0,0,0,0,0,0,0,0
"Nathan Peterman",2558191,"QB",2018,"BUF",35.96,2.572,-0.8,13.58,0,17.9,4,17.303
"Josh Reynolds",2558194,"WR",2018,"LAR",42.4,25.6133333333333,21.5033333333333,22.277,16.5133333333333,21.49,6,24.9661666666667
"Trent Taylor",2558202,"WR",2018,"SF",56.3,70.4,49.985,63.65,46.735,51.19,6,56.3766666666667
"Jamaal Williams",2558204,"RB",2018,"GB",104.8,124.92,104.83,156.832,108.42,110.71,6,118.418666666667
"Jonnu Smith",2558207,"TE",2018,"TEN",49.5,47.7333333333333,24.6533333333333,24.407,36.3333333333333,36.81,6,36.5728333333333
"Chad Williams",2558208,"WR",2018,"ARI",60.7,0,29.81,21.01,23.82,36.09,5,34.286
"Harrison Butker",2558245,"K",2018,"KC",0,0,0,0,0,0,0,0
"Tarik Cohen",2558250,"RB",2018,"CHI",109.4,134,105.195,89.596,93.305,101.82,6,105.552666666667
"Robert Davis",2558254,"WR",2018,"WAS",0,0,0,0,0,0,0,0
"Shelton Gibson",2558258,"WR",2018,"PHI",6.8,0,2.44,0.9,0,5.45,4,3.8975
"Mack Hollins",2558262,"WR",2018,"PHI",42.1,45.3266666666667,24.2066666666667,14.202,24.3266666666667,32.31,6,30.412
"George Kittle",2558266,"TE",2018,"SF",76.6,92.0333333333333,76.3933333333333,91.621,80.6333333333333,78.28,6,82.5935
"TJ Logan",2558273,"RB",2018,"ARI",0,0,21.22,24.467,0,21.23,3,22.3056666666667
"Cyril Grayson",2558808,"WR",2018,"SEA",0,0,0,21.664,0,0,1,21.664
"Alex Armah",2558833,"RB",2018,"CAR",0,0,-0.24,4.486,13.76,11.24,3,9.74866666666667
"Devante Mays",2558837,"RB",2018,"GB",3.6,11.6866666666667,2.69666666666667,1.22,0,4.03,5,4.64666666666667
"Mike Williams",2558846,"WR",2018,"LAC",64.6,107.8,78.97,31.88,73.38,72.78,6,71.5683333333333
"DJ Pumphrey",2558850,"RB",2018,"PHI",6.2,0,0,-0.2,0,0,1,6
"David Moore",2558856,"WR",2018,"SEA",0,0,-0.04,1.522,0,0,1,1.482
"Marquez Williams",2558860,"RB",2018,"CLE",1.12,0,-0.28,6.401,0,1.77,3,3.00366666666667
"Mason Schreck",2558864,"TE",2018,"CIN",5.3,0,0,0,0,5.3,2,5.3
"Chris Carson",2558865,"RB",2018,"SEA",101.8,52.4,114.3,136.297,100.95,102.03,6,101.296166666667
"Scott Orndoff",2558867,"TE",2018,"JAX",0,0,0,0,0,0,0,0
"Johnny Mundt",2558875,"TE",2018,"LAR",0,-0.16,0,4.728,0,0,1,4.568
"Zach Pascal",2558877,"WR",2018,"IND",0,0,0,0,0,0,0,0
"Dalton Crossan",2558885,"RB",2018,"TB",5.4,0,0,0,0,0,1,5.4
"Darrell Daniels",2558886,"TE",2018,"IND",3.4,-0.22,3.03,8.956,0,4.02,4,4.7965
"Trey Griffey",2558887,"WR",2018,"PIT",0,0,0,21.652,0,0,1,21.652
"Brandon Radcliff",2558898,"RB",2018,"MIA",0,0,0,22.219,0,0,1,22.219
"Phillip Walker",2558904,"QB",2018,"IND",0,0,0,0,0,0,0,0
"Quincy Adeboyejo",2558906,"WR",2018,"BAL",0,0,0,2.358,0,0,1,2.358
"CJ Board",2558911,"WR",2018,"CLE",0,0,0,0,0,0,0,0
"Victor Bolden",2558912,"WR",2018,"SF",0,0,0,0,0,7.65,1,7.65
"Kendrick Bourne",2558914,"WR",2018,"SF",14.3,0,12.7766666666667,43.518,0,9.58,4,20.0436666666667
"Matt Breida",2558918,"RB",2018,"SF",101.4,87.52,79.8,78.65,79.22,83.12,6,84.9516666666667
"KD Cannon",2558927,"WR",2018,"DAL",0,0,0,19.467,0,0,1,19.467
"Austin Carr",2558928,"WR",2018,"NO",8.78,0,-0.42,9.906,0,8.68,3,8.982
"Cethan Carter",2558929,"RB",2018,"CIN",0,0,0,0,0,0,0,0
"Montay Crockett",2558935,"WR",2018,"JAX",0,0,0,0,0,0,0,0
"Austin Duke",2558937,"WR",2018,"CAR",0,0,0,10.945,0,0,1,10.945
"Anthony Firkser",2558942,"TE",2018,"TEN",0,0,0,0,0,0,0,0
"Keon Hatcher",2558950,"WR",2018,"OAK",0,0,0,28.593,0,0,1,28.593
"Cole Hikutini",2558953,"TE",2018,"SF",0,-0.24,5.73,6.628,0,7.89,3,6.66933333333333
"Taysom Hill",2558954,"QB",2018,"NO",0,5.362,-0.04,0.8172,0,-0.04,2,3.0496
"Cody Hollister",2558955,"WR",2018,"NE",0,0,0,20.574,0,0,1,20.574
"Jacob Hollister",2558956,"TE",2018,"NE",2.1,-0.22,12.8,7.67,0,8.11,4,7.615
"Taquan Mizzell",2558975,"RB",2018,"CHI",0,15.41,-0.02,0.476,0,0,2,7.933
"Drew Morgan",2558977,"WR",2018,"MIA",0,0,0,0,0,0,0,0
"Nick Mullens",2558979,"QB",2018,"SF",0,0,0,0,0,0,0,0
"Tim Patrick",2558985,"WR",2018,"DEN",0,0,0,0,0,0,0,0
"Josiah Price",2558989,"TE",2018,"MIN",0,0,0,0,0,0,0,0
"Fred Ross",2558993,"WR",2018,"CAR",0,0,0,0,0,0,0,0
"Tim White",2559007,"WR",2018,"BAL",0,0,0,0,0,0,0,0
"Isaac Whitney",2559008,"WR",2018,"OAK",0,0,-0.44,17.183,0,6.01,2,11.3765
"Jarveon Williams",2559010,"RB",2018,"CIN",0,0,0,27.683,0,0,1,27.683
"Bobo Wilson",2559013,"WR",2018,"TB",0,0,0,8.6,0,11.3,2,9.95
"Pharaoh Brown",2559018,"TE",2018,"OAK",0,-0.02,0,0.702,0,0,1,0.682
"Michael Clark",2559019,"WR",2018,"GB",0,0,0,0,0,0,0,0
"Antony Auclair",2559044,"TE",2018,"TB",5,-0.213333333333333,1.94666666666667,5.407,0,7.74,4,4.97008333333333
"Malcolm Lewis",2559050,"WR",2018,"MIA",0,0,0,0,0,0,0,0
"Francis Owusu",2559055,"WR",2018,"MIA",0,0,0,0,0,0,0,0
"Damoreea Stringfellow",2559059,"WR",2018,"SEA",0,0,0,0,0,0,0,0
"Gehrig Dieter",2559066,"WR",2018,"KC",0,0,0,0,0,0,0,0
"Marcus Kemp",2559076,"WR",2018,"KC",0,0,0,12.325,0,0,1,12.325
"Emanuel Byrd",2559100,"TE",2018,"GB",0,0,0,3.1,0,9.1,2,6.1
"Travin Dural",2559101,"WR",2018,"NO",0,0,0,0,0,0,0,0
"Carlton Agudosi",2559131,"WR",2018,"ARI",0,0,0,0,0,0,0,0
"Joel Bouagnon",2559144,"RB",2018,"GB",0,0,0,0,0,0,0,0
"Algernon Brown",2559146,"RB",2018,"KC",0,0,0,0,0,0,0,0
"Billy Brown",2559147,"TE",2018,"PHI",0,0,0,0,0,0,0,0
"Corey Clement",2559150,"RB",2018,"PHI",106.6,82.48,76.95,64.418,83.78,86.59,6,83.4696666666667
"Keelan Cole",2559153,"WR",2018,"JAX",69.3,70.6666666666667,70.1866666666667,98.783,72.5666666666667,71.75,6,75.5421666666667
"Tim Cook",2559156,"RB",2018,"JAX",0,0,0,5.011,0,0,1,5.011
"Jason Croom",2559159,"TE",2018,"BUF",0,0,0,0,0,0,0,0
"Sean Culkin",2559161,"TE",2018,"LAC",0,-0.24,18.9,10.39,0,18.94,3,15.9966666666667
"Justin Davis",2559163,"RB",2018,"LAR",6.6,0,-0.2,-0.1,0,5.94,2,6.12
"Austin Ekeler",2559169,"RB",2018,"LAC",94.8,89.22,68.58,70.278,72.32,76.66,6,78.643
"Tanner Gentry",2559176,"WR",2018,"CHI",7.1,0,-0.2,3.3,0,6.62,3,5.60666666666667
"Blake Jarwin",2559193,"TE",2018,"DAL",58.4,-0.713333333333333,45.8566666666667,46.556,31.2866666666667,42.02,5,44.6812
"Riley McCarron",2559211,"WR",2018,"NE",0,0,0,0,0,0,0,0
"Andre Patton",2559227,"WR",2018,"LAC",0,0,0,0,0,0,0,0
"Brandon Reilly",2559235,"WR",2018,"BUF",5.32,0,0,27.95,0,5.12,3,12.7966666666667
"Travis Rudolph",2559241,"WR",2018,"NYG",10.1,0,2.43,9.9,0,11.79,4,8.555
"Cooper Rush",2559242,"QB",2018,"DAL",-0.22,3.256,-0.3,6.713,0.3,5.778,4,3.88175
"Artavis Scott",2559246,"WR",2018,"LAC",0,0,0,0,0,0,0,0
"Ricky SealsJones",2559248,"TE",2018,"ARI",74.6,0,72.22,0,68.9,68.95,4,71.1675
"Kyle Sloter",2559252,"QB",2018,"MIN",0,-0.04,0,1.095,0,0,1,1.055
"Shane Smith",2559254,"TE",2018,"NYG",0,0,0,0,0,0,0,0
"James Summers",2559261,"RB",2018,"PIT",0,0,0,28.009,0,0,1,28.009
"Tyrone Swoopes",2559263,"TE",2018,"SEA",0,-0.02,0,0.881,0,0,1,0.861
"Colin Thompson",2559268,"TE",2018,"CHI",0,-0.08,0,2.593,0,0,1,2.513
"Robert Tonyan",2559270,"WR",2018,"GB",0,0,0,13.162,0,0,1,13.162
"Keith Towbridge",2559271,"TE",2018,"BUF",0,0,0,0,0,0,0,0
"Greg Ward",2559278,"WR",2018,"PHI",0,0,0,0,0,0,0,0
"Kermit Whitfield",2559281,"WR",2018,"CIN",0,0,0,0,0,0,0,0
"Krishawn Hogan",2559286,"WR",2018,"IND",0,0,3.34,0,0,8.78,2,6.06
"Evan Baylis",2559299,"TE",2018,"CAR",5,-0.3,-0.3,11.405,19.2,10.76,4,11.44125
"Dontez Ford",2559301,"WR",2018,"DET",0,0,0,0,0,0,0,0
"Reggie Davis",2559324,"WR",2018,"ATL",7.6,0,0,20.528,0,7.5,3,11.876
"Trey Edmunds",2559325,"RB",2018,"NO",3.8,-0.4,-0.4,0,3.2,7.03,3,4.41
"Justin Thomas",2559367,"WR",2018,"PIT",0,0,0,16.542,0,0,1,16.542
"Chris Thompson",2559368,"WR",2018,"HOU",4.4,0,-0.34,5.546,0,6.81,3,5.472
"Alex Gray",2559379,"TE",2018,"ATL",0,-0.26,0,5.977,0,0,1,5.717
"Dan Arnold",2559385,"WR",2018,"NO",0,0,0,0,0,0,0,0
"Lance Lenoir",2559394,"WR",2018,"DAL",0,0,0,8.921,0,0,1,8.921
"Fred Brown",2559396,"WR",2018,"LAR",0,0,0,23.946,0,0,1,23.946
"Adam Zaruba",2559434,"TE",2018,"PHI",0,0,0,0,0,0,0,0
"Rashard Davis",2559461,"WR",2018,"PHI",0,0,0,17.868,0,0,1,17.868
"River Cracraft",2559485,"WR",2018,"DEN",0,0,0,0,0,0,0,0
"Jevoni Robinson",2559567,"TE",2018,"HOU",0,0,0,0,0,0,0,0
"Keith Ford",2559880,"RB",2018,"BUF",0,0,0,0,0,0,0,0
"Daurice Fountain",2559921,"WR",2018,"IND",7.96,0,35.83,34.121,0,23.83,4,25.43525
"Ito Smith",2559924,"RB",2018,"ATL",6.7,66.22,14.72,21.527,16.72,11.88,6,22.9611666666667
"Phillip Lindsay",2559947,"RB",2018,"DEN",0,0,6.78,0,0,6.78,2,6.78
"Steven Dunbar",2559952,"WR",2018,"SF",0,0,0,0,0,0,0,0
"Jeff Badet",2560038,"WR",2018,"MIN",0,0,0,0,0,0,0,0
"Justin Watson",2560051,"WR",2018,"TB",8.1,23,2.43,-0.2,3.7,8,5,9.006
"Brandon Zylstra",2560243,"WR",2018,"MIN",0,0,0,0,0,0,0,0
"Chase Edmonds",2560711,"RB",2018,"ARI",59.9,1.57333333333333,42.7833333333333,26.011,37.2933333333333,46.73,6,35.7151666666667
"Donnie Ernsberger",2560716,"TE",2018,"TB",0,-0.24,0,9.949,0,0,1,9.709
"Danny Etling",2560717,"QB",2018,"NE",0.08,0,0,0,0,0.08,2,0.08
"Luke Falk",2560720,"QB",2018,"TEN",0.08,4.2,0,0,0,0.08,3,1.45333333333333
"Dimitri Flowers",2560726,"RB",2018,"NYJ",0,0,0,8.734,0,0,1,8.734
"Quinton Flowers",2560727,"RB",2018,"CIN",0,0,0,0,0,0,0,0
"Robert Foster",2560729,"WR",2018,"BUF",0,0,0,0,0,0,0,0
"Jarvion Franklin",2560730,"RB",2018,"PIT",0,0,0,24.366,0,0,1,24.366
"Royce Freeman",2560733,"RB",2018,"DEN",141.4,143.3,166.395,191.663,129.675,133.42,6,150.9755
"Troy Fumagalli",2560734,"TE",2018,"DEN",5.8,24.26,11.48,12.706,0,7.34,5,12.3172
"Michael Gallup",2560735,"WR",2018,"DAL",63.1,83.7,70.65,29.323,60.35,67.23,6,62.3921666666667
"Chris Herndon",2560738,"TE",2018,"NYJ",24.2,0,35.11,-0.8,20.7,25.83,4,26.26
"Nyheim Hines",2560742,"RB",2018,"IND",84.7,52.9333333333333,60.9133333333333,55.136,67.9333333333333,73.78,6,65.8993333333333
"Hayden Hurst",2560747,"TE",2018,"BAL",65.8,63.2533333333333,58.4233333333333,55.544,60.9533333333333,57.14,6,60.1856666666667
"Ryan Izzo",2560751,"TE",2018,"MIN",0,0,0,0,0,7.2,1,7.2
"Ryan Izzo",2560751,"TE",2018,"NE",7.2,11.7,3.26,0,0,0,3,7.38666666666667
"Justin Jackson",2560756,"RB",2018,"LAC",6.2,-0.466666666666667,16.6233333333333,34.584,0,21.29,4,19.5576666666667
"Lamar Jackson",2560757,"QB",2018,"BAL",26.54,108.14,34.434,9.383,25.44,33.036,6,39.4955
"Richie James",2560761,"WR",2018,"SF",8.6,30.2,-0.2,-0.2,0,8.5,3,15.6333333333333
"Kerryon Johnson",2560765,"RB",2018,"DET",120.8,86.78,119.67,123.548,108.31,107.03,6,111.023
"Ronald Jones",2560770,"RB",2018,"TB",91.9,181,138.705,174.189,81.905,106.56,6,129.043166666667
"John Kelly",2560777,"RB",2018,"LAR",7.2,46.6733333333333,48.2633333333333,35.321,19.4733333333333,31.27,6,31.3668333333333
"Christian Kirk",2560781,"WR",2018,"ARI",50.4,83.26,65.06,55.676,35.84,51.79,6,57.0043333333333
"Chris Lacy",2560783,"WR",2018,"DET",0,0,0,0,0,0,0,0
"Jordan Lasley",2560785,"WR",2018,"BAL",6.7,62.6,5.2,0,0,12.6,4,21.775
"Kyle Lauletta",2560786,"QB",2018,"NYG",0.08,4.16,0,0,0,0.08,3,1.44
"Allen Lazard",2560787,"WR",2018,"JAX",0,28.8,0,0,0,0,1,28.8
"Tanner Lee",2560788,"QB",2018,"JAX",0.08,4.16,0,0,0,0.08,3,1.44
"Chase Litton",2560792,"QB",2018,"KC",0,0,0,0,0,0,0,0
"Baker Mayfield",2560800,"QB",2018,"CLE",89.58,136.16,52.66,84.436,82.9,63.046,6,84.797
"RayRay McCloud",2560801,"WR",2018,"BUF",5.9,0,4.28,0,0,5.7,3,5.29333333333333
"Sony Michel",2560809,"RB",2018,"NE",124.4,169.273333333333,117.833333333333,60.234,88.1733333333333,97.9,6,109.635666666667
"Anthony Miller",2560810,"WR",2018,"CHI",57.2,104,84.895,48.328,44.965,66.22,6,67.6013333333333
"Steven Mitchell",2560812,"WR",2018,"LAR",0,0,0,26.4,0,0,1,26.4
"DJ Moore",2560813,"WR",2018,"CAR",87.3,114.14,78.48,95.284,59.64,76.59,6,85.239
"JMon Moore",2560814,"WR",2018,"GB",24.7,28.24,22.99,38.59,28.84,23.55,6,27.8183333333333
"Ryan Nall",2560817,"RB",2018,"CHI",0,26.39,0,0,0,0,1,26.39
"Rashaad Penny",2560835,"RB",2018,"SEA",89,164.6,113.615,56.756,81.555,104.79,6,101.719333333333
"Dante Pettis",2560836,"WR",2018,"SF",44.6,45.5,27.99,40.209,7.54,29.94,6,32.6298333333333
"Cam Phillips",2560838,"WR",2018,"BUF",0,0,0,0,0,0,0,0
"Byron Pringle",2560844,"WR",2018,"KC",0,0,-0.5,15.425,0,0,1,14.925
"Trey Quinn",2560847,"WR",2018,"WAS",8,10.4,5.03,-0.2,2.7,7.9,5,6.766
"Calvin Ridley",2560854,"WR",2018,"ATL",99.7,101.42,82.225,53.447,65.405,80.99,6,80.5311666666667
"Korey Robertson",2560856,"WR",2018,"MIN",0,28.4,0,0,0,0,1,28.4
"Josh Rosen",2560858,"QB",2018,"ARI",174.54,116.573333333333,153.469333333333,89.1546,79.2533333333333,116.07,6,121.5101
"Mason Rudolph",2560860,"QB",2018,"PIT",0.08,12,8.824,0,0,4.352,4,6.314
"Jaylen Samuels",2560862,"RB",2018,"PIT",6.9,0,16.42,0,18.4,18.08,4,14.95
"Bo Scarbrough",2560865,"RB",2018,"DAL",7.7,33.2166666666667,4.79666666666667,27.932,14.6866666666667,14.7,6,17.172
"Dalton Schultz",2560866,"TE",2018,"DAL",14,25.52,4.53,16.547,6.92,9.93,6,12.9078333333333
"Jaleel Scott",2560867,"WR",2018,"BAL",6.7,15.1,10.39,0,0,7.85,4,10.01
"Nic Shimonek",2560874,"QB",2018,"LAC",0,0,0,0,0,0,0,0
"TreQuan Smith",2560878,"WR",2018,"NO",66.9,49.6733333333333,18.9733333333333,41.957,34.9733333333333,49.7,6,43.6961666666667
"Durham Smythe",2560880,"TE",2018,"MIA",13.3,7.78,8.05,-0.8,0,12.55,4,10.22
"Equanimeous St Brown",2560883,"WR",2018,"GB",8.26,35.66,5.15,34.841,6.96,7.86,6,16.4551666666667
"Courtland Sutton",2560888,"WR",2018,"DEN",90.9,90.3466666666667,76.0966666666667,52.151,62.5466666666667,70.77,6,73.8018333333333
"Auden Tate",2560890,"WR",2018,"CIN",6.7,0,1.79666666666667,29.479,0,6.6,4,11.1439166666667
"Ian Thomas",2560894,"TE",2018,"CAR",13.4,28.0466666666667,7.29666666666667,30.984,0,10.63,5,18.0714666666667
"Jordan Thomas",2560896,"TE",2018,"HOU",5.8,9.68,2.98,0,0,5.8,4,6.065
"Roc Thomas",2560898,"RB",2018,"MIN",0,0,0,0,0,0,0,0
"Marquez ValdesScantling",2560907,"WR",2018,"GB",8.9,0,17.96,0,0,8.8,3,11.8866666666667
"Akrum Wadley",2560912,"RB",2018,"TEN",0,26.4,5.01,-0.2,0,5.01,3,12.0733333333333
"Mark Walton",2560915,"RB",2018,"CIN",23.4,-2.26,13.63,36.283,14.84,19.25,5,21.0286
"Chris Warren",2560918,"RB",2018,"OAK",0,0,0,0,0,0,0,0
"James Washington",2560920,"WR",2018,"PIT",51.2,82.1433333333333,75.9033333333333,99.569,45.7333333333333,52.17,6,67.7865
"Jester Weah",2560922,"WR",2018,"HOU",0,0,0,0,0,0,0,0
"David Wells",2560925,"TE",2018,"DAL",0,0,0,0,0,0,0,0
"KaRaun White",2560927,"WR",2018,"CIN",0,0,0,0,0,0,0,0
"Mike White",2560929,"QB",2018,"DAL",0.08,0,1.168,0,0,0.824,3,0.690666666666667
"Jake Wieneke",2560932,"WR",2018,"MIN",0,0,0,0,0,0,0,0
"Jordan Wilkins",2560933,"RB",2018,"IND",86.6,80.2733333333333,66.1733333333333,23.715,37.6733333333333,52.46,6,57.8158333333333
"Darrel Williams",2560935,"RB",2018,"KC",0,0,0,0,0,0,0,0
"Ced Wilson",2560936,"WR",2018,"DAL",4.5,0,0,0,0,0,1,4.5
"Jeff Wilson",2560938,"RB",2018,"SF",0,-0.04,0,0.865,0,0,1,0.825
"Javon Wims",2560939,"WR",2018,"CHI",6.4,10.3,-0.2,-0.2,0,6.3,3,7.53333333333333
"Logan Woodside",2560942,"QB",2018,"CIN",0.08,0,0,0,0,0.08,2,0.08
"Josh Adams",2560949,"RB",2018,"PHI",0,42.03,6.8,-0.2,0,6.8,3,18.4766666666667
"Jordan Akins",2560951,"TE",2018,"HOU",25,45.68,24.32,17.152,29.78,22.36,6,27.382
"Austin Allen",2560953,"QB",2018,"TB",0,-0.06,0,1.8988,0,0,1,1.8388
"Josh Allen",2560955,"QB",2018,"BUF",97,114.673333333333,83.9213333333333,88.3974,99.4933333333333,108.158,6,98.6072333333333
"Mark Andrews",2560957,"TE",2018,"BAL",17.5,54.9466666666667,31.8766666666667,17.858,0,24.82,5,29.4002666666667
"Marcell Ateman",2560961,"WR",2018,"OAK",7.3,0,5.73,-0.2,0,7.2,3,6.67666666666667
"Kalen Ballage",2560967,"RB",2018,"MIA",19,59.9333333333333,22.2833333333333,25.119,17.4333333333333,29.13,6,28.8165
"Saquon Barkley",2560968,"RB",2018,"NYG",208.7,241.9,220.04,195.432,199.95,207.28,6,212.217
"JT Barrett",2560969,"QB",2018,"NO",0,0,0,0,0,0,0,0
"Marcus Baugh",2560971,"TE",2018,"OAK",0,0,0,0,0,0,0,0
"Nick Bawden",2560972,"RB",2018,"DET",1.4,0,0,0,4.1,1.3,3,2.26666666666667
"Kurt Benkert",2560974,"QB",2018,"ATL",0,0,0,0,0,0,0,0
"Braxton Berrios",2560975,"WR",2018,"NE",9.26,16.36,2.58,5.87,0,9.26,5,8.666
"Deontay Burnett",2560985,"WR",2018,"TEN",0,21.8,0,0,0,0,1,21.8
"Deon Cain",2560987,"WR",2018,"IND",8,0,-0.6,30.294,0,0,2,18.847
"Antonio Callaway",2560988,"WR",2018,"CLE",81.9,84.4933333333333,44.6633333333333,31.386,20.4933333333333,51.39,6,52.3876666666667
"Dylan Cantrell",2560990,"WR",2018,"LAC",8.32,10.62,5.37,25.332,0,8.22,5,11.5724
"Daniel Carlson",2560993,"K",2018,"MIN",0,0,0,0,0,0,0,0
"Mike Gesicki",2560994,"TE",2018,"MIA",61,59.8466666666667,68.9466666666667,29.625,59.9466666666667,57.37,6,56.1225
"Dallas Goedert",2560995,"TE",2018,"PHI",47.9,52.12,38.07,28.259,38.82,40.24,6,40.9015
"Derrius Guice",2561000,"RB",2018,"WAS",0,0,0,0,0,0,0,0
"DaeSean Hamilton",2561002,"WR",2018,"DEN",22.8,29.98,26.76,36.781,0,23.26,5,27.9162
"Quadree Henderson",2561012,"WR",2018,"PIT",0,55.2,0,15.707,0,0,2,35.4535
"DJ Chark",2561018,"WR",2018,"JAX",53.6,67.18,19.68,31.054,15.4,28.79,6,35.9506666666667
"Nick Chubb",2561021,"RB",2018,"CLE",86,125.213333333333,85.7833333333333,32.675,73.0133333333333,80.17,6,80.4758333333333
"Simmie Cobbs",2561024,"WR",2018,"WAS",0,0,0,0,0,0,0,0
"Lavon Coleman",2561026,"RB",2018,"HOU",0,-0.22,0,7.51,0,0,1,7.29
"Tyler Conklin",2561027,"TE",2018,"MIN",5.9,9.47,5.76,0,8.6,0,4,7.4325
"Tyler Conklin",2561027,"TE",2018,"NE",0,0,0,0,0,6.67,1,6.67
"Keke Coutee",2561029,"WR",2018,"HOU",52.1,19.9433333333333,38.5933333333333,1.542,7.45333333333333,34.16,6,25.632
"Justin Crawford",2561031,"RB",2018,"ATL",0,0,0,0,0,0,0,0
"Sam Darnold",2561036,"QB",2018,"NYJ",210.18,122.183333333333,226.981333333333,71.1344,57.7533333333333,131.448,6,136.6134
"Will Dissly",2561046,"TE",2018,"SEA",17.8,7.64666666666667,13.3366666666667,14.523,15.5866666666667,14.66,6,13.9255
"Damion Ratley",2561054,"WR",2018,"CLE",0,0,1.94,10.47,0,0,2,6.205
"Garrett Hudson",2561056,"TE",2018,"WAS",0,0,0,0,0,0,0,0
"Ross Dwelley",2561060,"TE",2018,"SF",0,0,0,0,0,0,0,0
"Russell Gage",2561061,"WR",2018,"ATL",8.1,0,0,0,0,8,2,8.05
"Cam Sims",2561067,"WR",2018,"WAS",0,0,0,0,0,0,0,0
"Mike Boone",2561099,"RB",2018,"MIN",0,0,0,0,0,0,0,0
"Nick Keizer",2561115,"TE",2018,"BAL",0,0,0,0,0,0,0,0
"Luis Perez",2561124,"QB",2018,"LAR",0,0,0,0,0,0,0,0
"Steve Ishmael",2561130,"WR",2018,"IND",0,0,0,0,0,0,0,0
"Andre Levrone",2561136,"WR",2018,"BAL",0,0,0,0,0,0,0,0
"Trenton Cannon",2561137,"RB",2018,"NYJ",5.3,-0.38,3.91,20.065,0,5.3,4,8.54875
"Boston Scott",2561146,"RB",2018,"NO",7.5,29.3933333333333,21.3833333333333,3.999,16.5333333333333,14.91,6,15.6198333333333
"Alex McGough",2561148,"QB",2018,"SEA",0.08,0,0,0,0,0.08,2,0.08
"David Williams",2561152,"RB",2018,"DEN",6.8,-0.2,-0.2,-0.2,0,6.8,2,6.5
"Jason Sanders",2561153,"K",2018,"MIA",0,0,0,0,0,0,0,0
"Austin Proehl",2561160,"WR",2018,"BUF",5.9,0,0,0,0,5.7,2,5.8
"Jack Heneghan",2561163,"QB",2018,"SF",0,0,0,0,0,0,0,0
"Kyle Allen",2561177,"QB",2018,"CAR",0,0,0,0,0,0,0,0
"Sergio Bailey",2561179,"WR",2018,"TB",0,0,0,0,0,0,0,0
"Alec Bloom",2561183,"TE",2018,"ARI",0,-0.02,0,0.975,0,0,1,0.955
"Reggie Bonnafon",2561184,"RB",2018,"CAR",0,0,0,0,0,0,0,0
"Tim Boyle",2561187,"QB",2018,"GB",0,0,0,0,0,0,0,0
"Dontez Byrd",2561188,"WR",2018,"ATL",0,0,0,0,0,0,0,0
"Khalid Hill",2561211,"RB",2018,"SEA",0,0,0,0,0,0,0,0
"Tyler Hoppes",2561212,"TE",2018,"MIN",0,0,0,0,0,0,0,0
"Tanner Hudson",2561215,"TE",2018,"TB",0,0,0,0,0,0,0,0
"Chad Kanoff",2561221,"QB",2018,"ARI",0,0,0,0,0,0,0,0
"Keith Kirkwood",2561224,"WR",2018,"NO",0,0,0,0,0,0,0,0
"Daniel Marx",2561235,"RB",2018,"ATL",0,0,0,0,0,0,0,0
"Codey McElroy",2561239,"TE",2018,"LAR",0,0,0,0,0,0,0,0
"Luke McNitt",2561240,"RB",2018,"ATL",0,0,0,0,0,0,0,0
"Brandon Powell",2561261,"WR",2018,"DET",0,0,0,15.055,0,0,1,15.055
"Peter Pujals",2561262,"QB",2018,"MIN",0,0,0,0,0,0,0,0
"Kevin Rader",2561264,"TE",2018,"GB",0,0,0,0,0,0,0,0
"Teo Redding",2561266,"WR",2018,"DET",0,0,0,0,0,0,0,0
"Jason Reese",2561267,"TE",2018,"TB",0,0,0,0,0,0,0,0
"Caleb Scott",2561270,"WR",2018,"SEA",0,0,0,25.271,0,0,1,25.271
"Trent Sherfield",2561272,"WR",2018,"ARI",0,0,0,28.179,0,0,1,28.179
"Jalen Tolliver",2561279,"WR",2018,"ARI",0,0,0,21.471,0,0,1,21.471
"Jonah Trinnaman",2561280,"WR",2018,"NYJ",0,0,0,0,0,0,0,0
"Andrew Vollert",2561284,"TE",2018,"ARI",0,-0.32,0,13.271,0,0,1,12.951
"Malik Williams",2561288,"RB",2018,"ATL",0,0,0,0,0,0,0,0
"Corey Willis",2561290,"WR",2018,"ARI",0,0,0,0,0,0,0,0
"Shaun Wilson",2561291,"RB",2018,"TB",0,0,0,0,0,0,0,0
"Deon Yelder",2561293,"TE",2018,"NO",0,0,0,0,0,0,0,0
"Jaelon Acklin",2561294,"WR",2018,"BAL",0,0,0,0,0,0,0,0
"Evan Berry",2561298,"WR",2018,"CLE",0,0,0,0,0,0,0,0
"Saeed Blacknall",2561300,"WR",2018,"OAK",0,0,0,0,0,0,0,0
"Martez Carter",2561306,"RB",2018,"WAS",0,0,0,0,0,0,0,0
"Jordan Chunn",2561308,"RB",2018,"DAL",0,-0.6,0,14.492,0,0,1,13.892
"Jawill Davis",2561317,"WR",2018,"NYG",0,0,0,0,0,0,0,0
"Gus Edwards",2561324,"RB",2018,"BAL",0,0,0,0,0,0,0,0
"Matt Flanagan",2561329,"TE",2018,"WAS",0,0,0,0,0,0,0,0
"Jordan Franks",2561330,"TE",2018,"CIN",0,0,0,0,0,0,0,0
"Cole Hunt",2561346,"TE",2018,"LAC",0,0,0,0,0,0,0,0
"Ben Johnson",2561352,"TE",2018,"LAC",0,0,0,0,0,0,0,0
"JJ Jones",2561358,"WR",2018,"LAC",0,0,0,0,0,0,0,0
"Blake Mack",2561367,"TE",2018,"KC",0,-0.04,0,1.848,0,0,1,1.808
"Pharoah McKever",2561375,"TE",2018,"PIT",0,0,0,0,0,0,0,0
"JD Moore",2561377,"RB",2018,"KC",0,0,0,0,0,0,0,0
"Marchie Murdock",2561380,"WR",2018,"DAL",0,0,0,13.548,0,0,1,13.548
"Detrez Newsome",2561382,"RB",2018,"LAC",0,0,0,0,0,0,0,0
"Devin Ross",2561400,"WR",2018,"TEN",0,0,0,0,0,0,0,0
"DaMari Scott",2561403,"WR",2018,"CLE",0,0,0,0,0,0,0,0
"Dalton Sturm",2561411,"QB",2018,"DAL",0,0,0,0,0,0,0,0
"Jordan Veasy",2561414,"WR",2018,"TEN",0,0,0,0,0,0,0,0
"Ralph Webb",2561419,"RB",2018,"NE",0,-0.04,0,1.246,0,0,1,1.206
"Shane Wimann",2561421,"TE",2018,"NE",0,0,0,0,0,0,0,0
"Ethan Wolf",2561422,"TE",2018,"TEN",0,0,0,0,0,0,0,0
"Vyncint Smith",2561427,"WR",2018,"HOU",0,0,0,0,0,0,0,0
"Terry Swanson",2561428,"RB",2018,"HOU",0,0,0,0,0,0,0,0
"John Diarse",2561430,"WR",2018,"DEN",0,0,0,0,0,0,0,0
"Shay Fields",2561432,"WR",2018,"WAS",0,0,0,0,0,0,0,0
"Ricky Jeune",2561435,"WR",2018,"DAL",0,0,0,2.886,0,0,1,2.886
"Elijah Wellman",2561441,"RB",2018,"WAS",0,0,0,0,0,0,0,0
"Jimmy Williams",2561442,"WR",2018,"DEN",0,0,0,0,0,0,0,0
"Christian Blake",2561443,"WR",2018,"ATL",0,0,0,0,0,0,0,0
"Devin Gray",2561447,"WR",2018,"ATL",0,0,0,0,0,0,0,0
"Lamar Jordan",2561450,"WR",2018,"ATL",0,0,0,18.592,0,0,1,18.592
"Troy Mangen",2561451,"TE",2018,"ATL",0,0,0,0,0,0,0,0
"Dontrell Hilliard",2561461,"RB",2018,"CLE",0,0,0,0,0,0,0,0
"Mark Thompson",2561467,"RB",2018,"BAL",0,0,0,0,0,0,0,0
"DeLance Turner",2561468,"RB",2018,"BAL",0,0,0,0,0,0,0,0
"Derrick Willies",2561470,"WR",2018,"CLE",0,0,0,0,0,0,0,0
"Ryan Smith",2561480,"TE",2018,"GB",0,0,0,0,0,0,0,0
"Julian Allen",2561481,"TE",2018,"CLE",0,0,0,0,0,0,0,0
"Chad Beebe",2561482,"WR",2018,"MIN",0,0,0,0,0,0,0,0
"Paul Butler",2561483,"TE",2018,"OAK",0,-0.32,0,11.646,0,0,1,11.326
"Janarion Grant",2561485,"WR",2018,"BAL",0,0,0,0,0,0,0,0
"Johnny Stanton",2561489,"RB",2018,"MIN",0,0,0,0,0,0,0,0
"Jordan Smallwood",2561493,"WR",2018,"KC",0,0,0,0,0,0,0,0
"Anthony Mahoungou",2561514,"WR",2018,"PHI",0,0,0,0,0,0,0,0
"Dalyn Dawkins",2561524,"RB",2018,"TEN",0,0,0,0,0,0,0,0
"Ray Lawry",2561535,"RB",2018,"KC",0,0,0,0,0,0,0,0
"Robert Martin",2561567,"RB",2018,"NYG",0,0,0,0,0,0,0,0
"Clayton Wilson",2561569,"TE",2018,"SEA",0,0,0,0,0,0,0,0
"Zach Olstad",2561592,"RB",2018,"BUF",0,0,0,0,0,0,0,0
"Brogan Roback",2561593,"QB",2018,"CLE",0,0,0,0,0,0,0,0
"Ryan Yurachek",2561599,"RB",2018,"OAK",0,0,0,0,0,0,0,0
"Nick Holley",2561607,"RB",2018,"LAR",0,0,0,0,0,0,0,0
"Sherman Badie",2561619,"RB",2018,"ARI",0,0,0,0,0,0,0,0
"Austin Roberts",2561621,"TE",2018,"LAC",0,0,0,0,0,0,0,0
"Jaeden Graham",2561622,"TE",2018,"ATL",0,0,0,0,0,0,0,0
